rollout,live_transitions,padded_transitions,counted_transitions,worlds_completed,aircraft_completed,optimizer_steps,policy_epochs,wall_seconds,live_transitions_per_second,training_return_last100,native_return_last100,training_arrival_last100,policy_loss,value_loss,approx_kl,clip_fraction,rollout_live_samples,rollout_return_variance_live,rollout_value_mse_live,rollout_value_explained_variance_live,rollout_action_box_clip_fraction_live
1,4083,1037,5120,0,14,40,10,79.60231460000068,51.29247837223021,0.3440890519995934,34.40890519995934,1.0,-0.00758921435335651,0.02060115181375295,0.011619186028838158,0.16782064829021692,4083,0.08076860361956298,0.035650635653740013,0.5803954663355719,0.0
2,4937,5303,10240,0,18,50,20,93.47585860000254,52.815775901307056,0.3391212449504473,33.912124495044736,1.0,-0.009805620537385984,0.006508696498349309,0.009111788123846054,0.17201405186206103,854,0.0457841396741464,0.010364956419572711,0.820801043596372,0.0
3,8452,6908,15360,2,22,90,30,135.63148400000136,62.31591479158272,0.3031738536946935,30.317385369469356,0.9090909090909091,-0.009366357752878685,0.013440635846927762,0.010924754664301872,0.18319750316441058,3515,0.040277803984227104,0.02952061451317826,0.3758096763837845,0.0
4,10625,9855,20480,2,35,120,40,163.34336070000063,65.04702703842409,0.29516288698747584,29.516288698747584,0.9428571428571428,-0.010674041765742003,0.0089044949815919,0.010789819993078709,0.13826692712803682,2173,0.03089993326413142,0.015905416280350974,0.5713684429420671,0.0
5,12835,12765,25600,4,40,150,50,184.92563750000045,69.40627688791918,0.19394197238481997,19.394197238481993,0.875,-0.00908019427054872,0.005870089470408857,0.015143136493861675,0.1424921231965224,2210,0.05535972262444457,0.0102646700390316,0.8460321228413041,0.0
6,16299,14421,30720,5,54,190,60,225.80810310000015,72.18075780381501,0.24057515263491003,24.057515263491002,0.9074074074074074,-0.010534584903507494,0.007708828151226044,0.013497373089194298,0.14463887135498227,3464,0.02366841000302515,0.015144476017170961,0.39040821470378617,0.0
7,19231,16609,35840,5,65,220,70,274.32934770000065,70.10186901705652,0.2629291429886368,26.29291429886367,0.9230769230769231,-0.010761447933812935,0.005640364725453159,0.014353491365909576,0.15677554793655873,2932,0.01652341941424452,0.010090357613899184,0.4290506996176233,0.0
8,23164,17796,40960,7,84,260,80,315.51292810000086,73.41695993090413,0.22231267188473172,22.23126718847317,0.8928571428571429,-0.013912594027351588,0.004078699043020606,0.014386750757694244,0.144155256357044,3933,0.011331412314207045,0.006838749024885091,0.40842811648047395,0.0
9,26489,19591,46080,9,91,300,90,344.9761204000024,76.78502491501675,0.23366492889075804,23.366492889075797,0.9010989010989011,-0.01181445445981808,0.0035019158327486365,0.014233343303203583,0.16035889592021704,3325,0.012405465288087418,0.006599848224102317,0.510072019602164,0.0
10,30186,21014,51200,10,106,340,100,375.74590660000104,80.33620451954623,0.2443680601034267,24.43680601034267,0.91,-0.011225375055801123,0.002683196953148581,0.01019197329878807,0.15758171863853931,3697,0.011152506999764155,0.00442257216834307,0.6127768761228682,0.0
11,33347,22973,56320,11,116,380,110,411.72411640000064,80.99355532431947,0.2369425940181479,23.694259401814794,0.88,-0.008117600724926888,0.0027885080256965012,0.011885237880051136,0.14832091629505156,3161,0.007642779984221626,0.0050954887915840245,0.36813426852523856,0.0
12,36426,25014,61440,12,126,420,120,448.8383396999998,81.15616866497383,0.2346900078181711,23.469000781817105,0.87,-0.007974092022050173,0.002347232602187432,0.01929059997200966,0.17182268537580966,3079,0.006666254518106686,0.003916813006547781,0.44756763360206775,0.0
13,39359,27201,66560,13,138,450,130,478.4931327000013,82.25614394486354,0.26525538659340697,26.5255386593407,0.86,-0.010975866861796628,0.002510269071596364,0.011987441219389439,0.172278610120217,2933,0.006189263053120495,0.004106300592591389,0.3776280319627301,0.0
14,42143,29537,71680,13,142,480,140,513.5343854999992,82.06461181556082,0.28329510896892646,28.329510896892653,0.88,-0.011362458792670319,0.002708084574745347,0.011880014091730118,0.1371631567676862,2784,0.01542601715458326,0.004922958011774274,0.6919139933964262,0.0
15,45306,31494,76800,14,149,520,150,543.9987146999993,83.28328500736448,0.2792963467583133,27.92963467583133,0.87,-0.00845431502093561,0.0019391519686905666,0.014838805422186852,0.15429285131394863,3163,0.01687306790952725,0.0035810634907490367,0.8087231002905688,0.0
16,47914,34006,81920,15,165,550,160,585.0112382000007,81.9027001044028,0.27404451103147875,27.40445110314788,0.86,-0.00814345683902502,0.002158475818578154,0.013333410024642944,0.17027808725833893,2608,0.00894510443114116,0.0031097757565058497,0.6530669156126729,0.0
17,49502,37538,87040,17,170,570,170,606.110668199999,81.67155372303357,0.3253751397762095,32.537513977620954,0.89,-0.012684897164581344,0.001502414935384877,0.01657221093773842,0.15232020244002342,1588,0.00666677229247645,0.0023044630393314934,0.6579434550799094,0.0
18,53073,39087,92160,17,184,610,180,635.1924365000013,83.5542064896736,0.325313284205536,32.531328420553606,0.89,-0.012875684071332216,0.0021171607048017906,0.013149019330739975,0.14257675558328628,3571,0.006478849657049486,0.0036292364131924122,0.44755720896360973,0.0
19,56384,40896,97280,19,192,650,190,668.6910932999999,84.31995066921584,0.3254548865021924,32.545488650219234,0.89,-0.011562130785750923,0.0021912605152465403,0.017784951254725456,0.170376855507493,3311,0.006971577395097164,0.0034028410644071296,0.5215778935714721,0.0
20,59519,42881,102400,19,203,690,200,705.2975264000015,84.38849956528058,0.32927562784457287,32.92756278445729,0.89,-0.00972936498656054,0.004656969598727301,0.01509784534573555,0.194457234069705,3135,0.023633740311290112,0.008701651515099365,0.6444490824638809,0.0
21,61919,45601,107520,21,210,720,210,740.2793017000004,83.64275464383144,0.2675241812444494,26.75241812444494,0.83,-0.011982287901143232,0.001966021345773091,0.014798249118030071,0.1293826937675476,2400,0.011239391542113897,0.0032654512157479173,0.7425207019847859,0.0
22,66059,46581,112640,22,224,770,220,769.4763557000006,85.84929154828343,0.28159395342833293,28.159395342833292,0.87,-0.003139019263908267,0.002044003780465573,0.0194430910050869,0.16282670453190803,4140,0.01702587447491221,0.0032751941528935797,0.8076384206483146,0.0
23,69307,48453,117760,23,237,810,230,796.0468142999998,87.06397507657235,0.2705031216616565,27.050312166165654,0.86,-0.009819976026483346,0.0020086238335352393,0.013587048277258873,0.1965731531381607,3248,0.012914663349208643,0.0031342419548122382,0.7573690605463619,0.0
24,71793,51087,122880,24,247,840,240,822.2268454000005,87.31531985564621,0.2782767323580276,27.827673235802763,0.88,-0.014737624737123648,0.0018029008565160136,0.014125480316579342,0.14113260457913082,2486,0.018740062818966535,0.0029401043852963064,0.8433601233300062,0.0
25,73705,54295,128000,24,258,860,250,840.1801331000024,87.72523545403479,0.2821664248463559,28.216642484635585,0.89,-0.008034311138908378,0.001326090467046015,0.015128431841731071,0.14909513918682932,1912,0.013568020004589626,0.0019251029435691206,0.8769922784448057,0.0
26,77002,56118,133120,26,266,900,260,872.082537000002,88.29668836723859,0.2836373322030365,28.363733220303644,0.89,-0.009022316422488075,0.001879211241612211,0.013682276010513306,0.14975651083514094,3297,0.008484609617713015,0.0031969207401848256,0.6244499509637353,0.0
27,79008,59232,138240,26,275,920,270,893.6091299,88.41449505875288,0.28579047220191706,28.579047220191704,0.9,-0.01099163633707576,0.0012443880055798217,0.01200730912387371,0.13342986293137074,2006,0.008183384711561525,0.001998729723963908,0.7563324007257357,0.0
28,81725,61635,143360,28,281,950,280,917.4767800000009,89.0758238044999,0.2852540060084152,28.52540060084152,0.9,-0.014711020758841186,0.0021344137688477836,0.014306413941085339,0.17184960034986338,2717,0.012253249062554468,0.0033013134485527142,0.7305860778680134,0.0
29,85059,63421,148480,28,292,990,290,945.6467255000025,89.9479665146895,0.2777917452288468,27.77917452288468,0.9,-0.012821678695036098,0.004943027917761356,0.012908020056784153,0.1757624264806509,3334,0.014186020966348564,0.00830051469742993,0.4203774002073749,0.0
30,86203,67397,153600,30,300,1010,300,955.9244787999996,90.17762586037465,0.23097706489990844,23.097706489990845,0.88,-0.004194083507172763,0.0015315648401156069,0.018354138359427452,0.2085839845240116,1144,0.011486341065033915,0.002427405600603817,0.7911156800321105,0.0
31,89737,68983,158720,30,314,1050,310,983.3319905000026,91.25809072312467,0.2943147433943746,29.431474339437457,0.94,-0.01487933615280781,0.001644133811350912,0.014457485638558865,0.15267392098903657,3534,0.010672741060866648,0.002633004314782321,0.7532986827049177,0.0
32,90962,72878,163840,30,317,1070,320,996.1213367000018,91.31618473442526,0.2942174869343639,29.421748693436392,0.94,-0.007955918877269142,0.0007264964515343308,0.009326012805104256,0.11341583086177706,1225,0.009453914155820994,0.0010137890323829815,0.8947156214799061,0.0
33,94630,74330,168960,32,330,1110,330,1027.3987541999995,92.10639940252328,0.28392382780657105,28.39238278065711,0.92,-0.012093739359988831,0.0016870241845026613,0.01504649966955185,0.1629527253098786,3668,0.007152595391267361,0.0025420697324472995,0.6446812100956071,0.0
34,96596,77484,174080,33,338,1130,340,1045.4435685000026,92.39714405493496,0.30642478410074375,30.64247841007437,0.96,-0.013720945967361332,0.001064061070792377,0.01767605170607567,0.15264542791992425,1966,0.010785490577769702,0.0016088047837079186,0.8509378651835872,0.0
35,99294,79906,179200,34,347,1160,350,1076.3281444000022,92.25253517397458,0.3026145036471287,30.261450364712868,0.95,-0.014371928401912253,0.0014388446715505173,0.01265029888600111,0.1496442305545012,2698,0.013686231111509755,0.002346151702830373,0.8303871867526713,0.0
36,102007,82313,184320,35,358,1190,360,1108.9071614999993,91.98876474205191,0.30261513732644896,30.261513732644893,0.95,-0.010267873280099593,0.00692229891816775,0.012617077678442001,0.13635024999578793,2713,0.030466241092342448,0.015966932770313847,0.5022459493210691,0.0
