time/fps,time/iterations,time/time_elapsed,rollout/ep_rew_mean,rollout/ep_len_mean,time/total_timesteps,train/n_updates,train/std,train/entropy_loss,train/policy_gradient_loss,train/value_loss,train/clip_fraction,train/clip_range,train/explained_variance,train/approx_kl,train/learning_rate,train/loss
160,1,31,-1.1933689630781614,159.65,5120,,,,,,,,,,,
256,1,19,-1.0410850209154678,164.5,10240,1,0.05001489818096161,3.153289794921875,0.02417189022526145,0.743522584438324,0.26171875,0.2,-0.6012073755264282,0.024454588,0.0003,0.735807478427887
243,1,21,-0.9722510849475309,162.57142857142858,15360,11,0.050075627863407135,3.1512305545806885,-0.005133021385408938,0.16272744975984096,0.16783560007810594,0.2,0.17661935091018677,0.010256328,0.0003,0.04405809938907623
237,1,21,-0.8866605136605211,164.23232323232324,20480,21,0.05002133548259735,3.1517707014083864,-0.009327340208692476,0.04662757847458124,0.1739417614042759,0.2,0.4923704266548157,0.01982882,0.0003,0.02665557712316513
277,1,18,-0.7782921560743371,165.0,25600,31,0.04995100945234299,3.153589868545532,-0.00847687838413549,0.037308275885879996,0.1698577924631536,0.2,0.526079535484314,0.014021704,0.0003,0.01805049180984497
262,1,19,-0.6966337642231831,162.67,30720,41,0.04987367242574692,3.1577527570724486,-0.011161072383401915,0.024235724359750747,0.15742365077137946,0.2,0.5981663465499878,0.011035892,0.0003,0.023705359548330307
259,1,19,-0.7255231414744379,165.02,35840,51,0.05002254247665405,3.156427903175354,-0.007248739004135132,0.03771765105426311,0.1239045911282301,0.2,0.5912967324256897,0.011264433,0.0003,0.021685052663087845
298,1,17,-0.6540291867762262,165.68,40960,61,0.04992660880088806,3.154127278327942,-0.010702342689037324,0.024727597571909427,0.15974064275622368,0.2,0.6835126876831055,0.012123632,0.0003,0.021580632776021957
234,1,21,-0.683303290979508,169.58,46080,71,0.04982949048280716,3.159075255393982,-0.009038222818635405,0.014530109642073512,0.16795823372900487,0.2,0.63995760679245,0.014849934,0.0003,0.03801586106419563
219,1,23,-0.7247888203695849,170.88,51200,81,0.050033602863550186,3.1571515417099,-0.009305247697047889,0.02727738328278065,0.1354294741153717,0.2,0.5623893737792969,0.0114386715,0.0003,0.02942681685090065
202,1,25,-0.6164513031303602,171.97,56320,91,0.049888428300619125,3.1553668546676636,-0.008495596279390156,0.02053159451112151,0.16565686665475368,0.2,0.5573544502258301,0.009964515,0.0003,0.04592212662100792
180,1,28,-0.9440445135731816,175.23,61440,101,0.04944908618927002,3.16739305973053,-0.011711422754451632,0.015112590864300729,0.1370872400701046,0.2,0.7912601232528687,0.01272841,0.0003,0.03172320872545242
198,1,25,-1.0414715048850973,173.16,66560,111,0.04939178749918938,3.1777241897583006,-0.00824818473542109,0.053213278129696846,0.14046889945864677,0.2,0.5561151504516602,0.0125604365,0.0003,0.03614478185772896
300,1,17,-1.076275130095026,172.69,71680,121,0.04938706383109093,3.1787266969680785,-0.009321458463091403,0.032852437999099496,0.14388687945902348,0.2,0.4156249165534973,0.011286989,0.0003,0.02726512774825096
236,1,21,-1.1013743763850883,172.54,76800,131,0.049925919622182846,3.1689048588275908,-0.011090496578253806,0.02791117571759969,0.12263299385085702,0.2,0.538662850856781,0.011974509,0.0003,0.01822558604180813
221,1,23,-0.8062428677999072,167.76,81920,141,0.05000089854001999,3.1542622089385985,-0.015413823541894089,0.015590204251930117,0.1562619091011584,0.2,0.7907651662826538,0.012919839,0.0003,0.014967208728194237
185,1,27,-0.7233319644990552,166.51,87040,151,0.050115302205085754,3.152774591445923,-0.010906459190882742,0.01868094561621547,0.1625520844757557,0.2,0.5732580423355103,0.01574919,0.0003,0.0005929772742092609
181,1,28,-0.5927526189917078,165.5,92160,152,0.050129055976867676,3.1492584228515623,0.0047345410101115705,0.042226772755384445,0.18406250476837158,0.2,0.5904726982116699,0.018960077,0.0003,0.0525624081492424
222,1,23,-0.7523402525754402,165.34,97280,162,0.05011597275733948,3.148708498477936,-0.013689233979675919,0.016996407089754938,0.1473140638321638,0.2,0.48248547315597534,0.012531022,0.0003,0.016750797629356384
207,1,24,-0.8048866769188673,165.93,102400,172,0.050377774983644485,3.1450982189178465,-0.00830175566719845,0.028228974733501673,0.15323271870613098,0.2,0.5182279348373413,0.017384702,0.0003,0.02119819074869156
230,1,22,-0.9320535990463149,167.25,107520,182,0.05056988075375557,3.1344211721420288,-0.013229039781726896,0.021624835096299647,0.17616578221321105,0.2,0.6554238200187683,0.01476689,0.0003,0.03337894380092621
205,1,24,-0.9697503606877979,168.96,112640,192,0.050761573016643524,3.1282602548599243,-0.0009996164951007814,0.0199088803678751,0.19855389073491098,0.2,0.7160909175872803,0.029104402,0.0003,0.03580472245812416
250,1,20,-1.0401013520459954,169.27,117760,202,0.05085273087024689,3.121230430603027,-0.010910664647817613,0.02433949114754796,0.19336280971765518,0.2,0.6775495409965515,0.023770267,0.0003,0.012616350315511227
202,1,25,-0.9500671870766146,169.97,122880,212,0.05095648765563965,3.1179600059986115,-0.010870152339339256,0.024233149201609194,0.14056729357689618,0.2,0.5248775482177734,0.010671355,0.0003,0.02512933313846588
277,1,18,-0.9292116494229836,172.42,128000,222,0.05121462792158127,3.1110867166519167,-0.009385599717497826,0.019844726342707873,0.1464804120361805,0.2,0.7253662347793579,0.012481862,0.0003,0.022304363548755646
294,1,17,-0.8998939592216036,173.05,133120,232,0.05119439214468002,3.1054800510406495,-0.01081152927945368,0.025755099789239465,0.1307192688807845,0.2,0.6446661353111267,0.009968046,0.0003,0.02291804924607277
283,1,18,-0.6976284890955863,174.22,138240,242,0.05118756741285324,3.1069523191452024,-0.011491292188875377,0.015704703442752363,0.15161382615566255,0.2,0.765806257724762,0.014474903,0.0003,0.010669134557247162
251,1,20,-0.605388308946969,173.31,143360,252,0.0512368343770504,3.1057030856609344,-0.013284720294177533,0.013407235802151262,0.14708105176687242,0.2,0.7887475490570068,0.014040925,0.0003,0.013585553504526615
243,1,20,-0.512153555088827,173.2,148480,262,0.051255546510219574,3.1044561743736265,-0.010369640184217132,0.025403197575360536,0.16933734565973282,0.2,0.5877570509910583,0.011990245,0.0003,0.013317456468939781
282,1,18,-0.48722541001631287,175.34,153600,272,0.051190197467803955,3.1045692920684815,-0.011298941349377856,0.01456104782409966,0.1529396366328001,0.2,0.8176836371421814,0.014071861,0.0003,0.01597229763865471
277,1,18,-0.6001993800873808,173.15,158720,282,0.05159742757678032,3.099281053543091,-0.01162864888086915,0.021966830547899007,0.14251848962157965,0.2,0.7851386070251465,0.013275285,0.0003,0.01214662753045559
292,1,17,-0.8322129374838885,177.25,163840,292,0.051929935812950134,3.083675684928894,-0.009647888145991601,0.020005958173424005,0.15189649567008018,0.2,0.8237035274505615,0.011771819,0.0003,0.02825406938791275
225,1,22,-0.7230636535212777,175.13,168960,302,0.051887594163417816,3.078390210866928,-0.010759336198680103,0.024149025999940933,0.1288478434085846,0.2,0.7061308026313782,0.012489224,0.0003,0.024457726627588272
195,1,26,-0.800498621719895,175.65,174080,312,0.05193599313497543,3.0787393951416018,-0.012553068141569384,0.014264764543622733,0.15554053083062172,0.2,0.7382071018218994,0.013074547,0.0003,0.01677224412560463
176,1,29,-0.8072411102839804,173.99,179200,322,0.051890891045331955,3.0784895956516265,-0.01358663456630893,0.016323892353102564,0.1505091404542327,0.2,0.8174144625663757,0.015106331,0.0003,0.012673787772655487
192,1,26,-0.8970450924466405,172.37,184320,332,0.05214536935091019,3.0758651375770567,-0.012394850412965753,0.030894043995067476,0.14790253825485705,0.2,0.7039633393287659,0.013415825,0.0003,0.016344446688890457
207,1,24,-0.8628513472007654,172.11,189440,342,0.05231696367263794,3.0660407483577727,-0.012981837207917124,0.017887585621792823,0.13338586390018464,0.2,0.7101007103919983,0.010438076,0.0003,0.016351478174328804
187,1,27,-1.0093259200912272,169.53,194560,352,0.05233980715274811,3.0626042783260345,-0.010670263424981386,0.022134623699821533,0.15470650577917694,0.2,0.7738465070724487,0.013242565,0.0003,0.017011279240250587
183,1,27,-1.011517465026591,171.0,199680,362,0.05222804471850395,3.0639482641220095,-0.008285433721612208,0.039193615913391114,0.1553376118838787,0.2,0.7784315347671509,0.0131219905,0.0003,0.08150851726531982
214,1,23,-0.8441761732551629,170.88,204800,372,0.05211988836526871,3.069470649957657,-0.01380686336196959,0.02237080968916416,0.14376427847892045,0.2,0.7927560806274414,0.01252315,0.0003,0.018673930317163467
208,1,24,-0.8793665146538207,172.01,209920,382,0.05218531936407089,3.0703714323043823,-0.011428406105842441,0.014446532977744937,0.15382677836343647,0.2,0.723222017288208,0.013767434,0.0003,0.010638786479830742
184,1,27,-0.9776917175775488,174.82,215040,392,0.052642423659563065,3.060269479751587,-0.010128237616736441,0.01705573981627822,0.15191569924354553,0.2,0.7397574782371521,0.012757635,0.0003,0.007005331106483936
283,1,18,-0.8482184522941225,173.11,220160,402,0.052758559584617615,3.0491213858127595,-0.013413314812351019,0.04065334275364876,0.14589681774377822,0.2,0.6622447967529297,0.014044936,0.0003,0.018492519855499268
283,1,18,-0.8847288028592714,173.48,225280,412,0.05258004367351532,3.0504819631576536,-0.01346571225905791,0.015017065405845641,0.17949793308973314,0.2,0.7093779444694519,0.01620425,0.0003,0.008599638938903809
335,1,15,-0.9813711753561482,173.08,230400,422,0.05261177569627762,3.0537747919559477,-0.013201748502615374,0.015502050914801658,0.15291216000914573,0.2,0.7670466899871826,0.012321294,0.0003,0.012092651799321175
254,1,20,-0.9169312699074703,172.02,235520,432,0.052784137427806854,3.0497927904129027,-0.00825783715263242,0.019627585215494035,0.14353690911084413,0.2,0.7902206182479858,0.011775783,0.0003,0.02557096630334854
294,1,17,-0.7822216751446673,171.07,240640,442,0.05303725227713585,3.0414206206798555,-0.015411556145409122,0.024228626186959444,0.14989024586975574,0.2,0.6494409441947937,0.013213149,0.0003,0.016820210963487625
272,1,18,-0.8330888869367574,171.97,245760,452,0.053095974028110504,3.034233731031418,-0.013609625247772783,0.011833050975110383,0.15716994348913432,0.2,0.8053044080734253,0.013525947,0.0003,0.013720707967877388
231,1,22,-0.95699903253534,173.01,250880,462,0.053139738738536835,3.0332232761383056,-0.0041848688758909704,0.01785028900951147,0.2186493394523859,0.2,0.7979416251182556,0.01693628,0.0003,0.007594399619847536
260,1,19,-0.704773864057253,171.26,256000,467,0.053212396800518036,3.0314215660095214,-0.0071431243512779475,0.03542742878198624,0.18920759052038194,0.2,0.5785789489746094,0.032768004,0.0003,0.026998331770300865
345,1,14,-0.6338930302988784,169.42,261120,477,0.05316782370209694,3.0304009139537813,-0.01034310482791625,0.014377480815164745,0.17758497558534145,0.2,0.6742427945137024,0.0120101245,0.0003,0.015770573168992996
344,1,14,-0.6807170043130429,169.57,266240,487,0.0531308650970459,3.032573992013931,-0.015830961806932463,0.012401357560884207,0.15168339340016246,0.2,0.7435283660888672,0.016237356,0.0003,-0.0015216602478176355
347,1,14,-0.7486984390437211,171.45,271360,497,0.05342961847782135,3.027860374450684,-0.009709137375466526,0.018394924569875,0.17556640654802322,0.2,0.6758776903152466,0.022061266,0.0003,0.002321316860616207
318,1,16,-0.9815322304850096,171.04,276480,507,0.05352645367383957,3.019877076148987,-0.00576273423153907,0.03716550886631012,0.1492097132652998,0.2,0.546172559261322,0.014403781,0.0003,0.04449352249503136
259,1,19,-1.157676235674333,173.92,281600,517,0.05361291766166687,3.0162613570690153,-0.007125317511963658,0.039090170478448275,0.1614993038587272,0.2,0.6115905046463013,0.011276375,0.0003,0.028259389102458954
229,1,22,-1.2407493469407676,173.65,286720,527,0.05375286936759949,3.012237796783447,-0.007155006909742951,0.03711474396288395,0.2179666942358017,0.2,0.6615868806838989,0.016067494,0.0003,0.044895149767398834
263,1,19,-1.2214500519359586,176.1,291840,537,0.054124489426612854,3.0021474504470826,-0.011082499864278362,0.018416078705340625,0.19664453059434892,0.2,0.643496572971344,0.023599023,0.0003,0.001495101023465395
315,1,16,-1.0571749650403885,174.36,296960,547,0.05443450063467026,2.9901097059249877,-0.004306268373038619,0.025203184122219682,0.20957031309604646,0.2,0.6366807222366333,0.018267145,0.0003,0.10654712468385696
265,1,19,-1.0862345652294643,175.57,302080,557,0.05449048429727554,2.983019286394119,-0.008822609696653671,0.02678387996274978,0.123420768417418,0.2,0.6333634853363037,0.009662847,0.0003,0.014230852946639061
233,1,21,-0.9719958268029215,178.74,307200,567,0.05458275228738785,2.9813421821594237,-0.007967044245451688,0.024210397247225048,0.18590543419122696,0.2,0.7464836835861206,0.020509217,0.0003,0.029357755556702614
203,1,25,-0.8554385961599155,173.82,312320,577,0.054722003638744354,2.9765120565891268,-0.011688383179716766,0.012751053739339113,0.16944670379161836,0.2,0.8238924741744995,0.011967221,0.0003,0.013561881147325039
200,1,25,-1.0445112667117822,173.92,317440,587,0.05487733334302902,2.970655393600464,-0.013540700895828196,0.017455486697144806,0.16033489387482405,0.2,0.7824499011039734,0.0136918,0.0003,0.016130566596984863
233,1,21,-0.926720577893819,174.11,322560,597,0.05523720756173134,2.9622863483428956,-0.010691263768821955,0.03211393810808658,0.18760675311088562,0.2,0.6728360652923584,0.018215282,0.0003,0.016047662124037743
151,1,33,-0.8601457860474676,171.66,327680,607,0.05551616847515106,2.9502578139305116,-0.013435693431529217,0.014959732722491025,0.1450717855244875,0.2,0.8290127515792847,0.010727042,0.0003,0.01699073240160942
204,1,24,-0.9008772669741159,172.18,332800,617,0.055289678275585175,2.9481432056427,-0.009566523539833725,0.018200167156755924,0.14780970983207226,0.2,0.8016776442527771,0.014754894,0.0003,0.02259550429880619
196,1,26,-0.8519913505087664,169.17,337920,627,0.05510862171649933,2.9566446483135223,-0.01332770703593269,0.013943879411090165,0.1652035005390644,0.2,0.8204167485237122,0.016024278,0.0003,0.013359257951378822
304,1,16,-0.8602342484526722,171.88,343040,637,0.05526135861873627,2.9579462099075315,-0.013867172272875905,0.029588056188076736,0.17418277114629746,0.2,0.7544749975204468,0.014137475,0.0003,0.01968705840408802
288,1,17,-0.8568133732773265,169.08,348160,647,0.05555025488138199,2.9495721292495727,-0.007470068510156125,0.022967202831059696,0.19036140263080598,0.2,0.7338107824325562,0.017041383,0.0003,0.02481192722916603
303,1,16,-0.9127861010458657,169.81,353280,657,0.05587603151798248,2.9382606410980223,-0.00827755382284522,0.021017148876562714,0.22091796875,0.2,0.7546744346618652,0.02094193,0.0003,0.02561156079173088
234,1,21,-0.8060326875762391,172.41,358400,667,0.05599328503012657,2.9306126117706297,-0.01128576566115953,0.012781134899705648,0.14495694003999232,0.2,0.7940927743911743,0.011643473,0.0003,0.009136389009654522
215,1,23,-0.7611510271596661,171.02,363520,677,0.05615951120853424,2.9253310918807984,-0.010472936189034953,0.011919254215899854,0.13633288955315948,0.2,0.8612570762634277,0.014432855,0.0003,0.0181956235319376
196,1,25,-0.8752355032280061,174.2,368640,687,0.056278228759765625,2.9195172357559205,-0.009764389395713806,0.016594868134707213,0.1576617257297039,0.2,0.8278623223304749,0.016618261,0.0003,0.028475739061832428
183,1,27,-0.8339499705177373,174.82,373760,697,0.056519489735364914,2.914164800643921,-0.012194679770618676,0.03283090010285378,0.1615159533917904,0.2,0.7640547752380371,0.016100487,0.0003,0.017282631248235703
248,1,20,-0.9393626624371045,175.31,378880,707,0.056514546275138855,2.9096565425395964,-0.011589037976227701,0.0212422032142058,0.13569436920806766,0.2,0.8426315784454346,0.014202841,0.0003,0.015025729313492775
277,1,18,-1.1196189140950354,173.99,384000,717,0.056414492428302765,2.911673655509949,-0.006995601546950638,0.023365993238985538,0.1867351871728897,0.2,0.7345312833786011,0.015813036,0.0003,0.061056286096572876
272,1,18,-0.9325837891252423,172.65,389120,727,0.05678379908204079,2.9064990949630736,-0.010481702946126461,0.028557544145733117,0.21897352449595928,0.2,0.7974309921264648,0.016351074,0.0003,0.030011732131242752
194,1,26,-0.7817902290578269,170.27,394240,737,0.05684500187635422,2.8974214887619016,-0.011836490164860151,0.011983251729980111,0.14721454322338104,0.2,0.8579251170158386,0.010900015,0.0003,0.012916222214698792
180,1,28,-0.6697570462771324,169.84,399360,747,0.056933291256427765,2.8958027076721193,-0.012142625665292143,0.011819935832172633,0.14423647925257682,0.2,0.8151134848594666,0.011981576,0.0003,0.021340103819966316
194,1,26,-0.6559992254759144,168.61,404480,757,0.05693068727850914,2.894017219543457,-0.009822699967771768,0.016600026888772844,0.1709885324537754,0.2,0.780009925365448,0.0187078,0.0003,0.03985573723912239
157,1,32,-0.6769986688609874,170.85,409600,767,0.0570097491145134,2.892892587184906,-0.011597553646424785,0.03279845817014575,0.12350683184340597,0.2,0.3918653130531311,0.012401033,0.0003,0.022435994818806648
209,1,24,-0.8852140804995541,175.02,414720,777,0.056798458099365234,2.894536203145981,-0.011572901514591649,0.016941581829451026,0.15321709532290698,0.2,0.8286469578742981,0.012950363,0.0003,0.00857115164399147
160,1,31,-0.9490763274777236,174.68,419840,787,0.05672227591276169,2.900708496570587,-0.01173459623241797,0.018158243387006223,0.15055579487234355,0.2,0.7630084753036499,0.011184106,0.0003,0.010411728173494339
162,1,31,-0.9967296813417493,176.48,424960,797,0.056871794164180756,2.898803563117981,-0.010495774743612856,0.014653339963406325,0.17722395837306976,0.2,0.7521803975105286,0.014151221,0.0003,0.02891501411795616
199,1,25,-0.8455837815422743,179.03,430080,807,0.05683065950870514,2.8959133625030518,-0.012422565423185006,0.013551347714383155,0.12255534213036298,0.2,0.6756985187530518,0.011607777,0.0003,0.01440357230603695
199,1,25,-0.8267523382412202,179.73,435200,817,0.05682869255542755,2.898026007413864,-0.0060272921808063986,0.021481557004153728,0.16643788237124682,0.2,0.7081235647201538,0.02060579,0.0003,0.025205304846167564
241,1,21,-0.8037116907852965,179.18,440320,827,0.057002365589141846,2.895650064945221,-0.01088543274672702,0.020516184344887733,0.15460344161838294,0.2,0.6495258808135986,0.011882849,0.0003,0.016752155497670174
210,1,24,-0.7744767949004734,180.79,445440,837,0.05745990574359894,2.8833464980125427,-0.00828180078533478,0.024554001912474633,0.15736606009304524,0.2,0.6146339774131775,0.016308667,0.0003,0.0257111769169569
231,1,22,-0.768245673533833,180.01,450560,847,0.0578608438372612,2.867712473869324,-0.007867785608395935,0.029782656691968442,0.16302609365433454,0.2,0.7253056764602661,0.011722498,0.0003,0.039810068905353546
153,1,33,-0.820170086702398,182.12,455680,857,0.05800999701023102,2.858892285823822,-0.014098567416658625,0.01501683339010924,0.16056818682700397,0.2,0.7286055088043213,0.016349602,0.0003,0.014263136312365532
241,1,21,-0.783237208856395,180.99,460800,867,0.0584375262260437,2.8497370779514313,-0.014344429376069456,0.0182308292016387,0.15023108180612327,0.2,0.7070000767707825,0.012827151,0.0003,-0.002308136783540249
257,1,19,-0.8726713736593078,182.22,465920,877,0.05849473178386688,2.840261107683182,-0.009610104616149329,0.014243460504803806,0.17398958764970301,0.2,0.6848242878913879,0.013118763,0.0003,0.012465812265872955
278,1,18,-0.8579029038545635,179.81,471040,887,0.05855274945497513,2.838596099615097,-0.010391087923198938,0.038219694932922724,0.15095709348097444,0.2,0.6317412853240967,0.013752824,0.0003,0.026052553206682205
224,1,22,-0.811438803821416,180.2,476160,897,0.05896645784378052,2.8308993101119997,-0.007369397671427577,0.019228068687953057,0.1985429695248604,0.2,0.7097208499908447,0.018831596,0.0003,-0.025679796934127808
192,1,26,-0.7227643995592213,175.87,481280,907,0.0589897483587265,2.8230839347839356,-0.007727015286509414,0.012339711384847761,0.15925998263061047,0.2,0.6885272860527039,0.013615322,0.0003,0.015740197151899338
130,1,39,-0.8626553942466496,173.61,486400,917,0.05923931300640106,2.8199767053127287,-0.008215231320355088,0.021684845048002898,0.1623639897443354,0.2,0.2534627914428711,0.012873354,0.0003,0.010026810690760612
180,1,28,-0.7132999832858595,172.03,491520,927,0.059538308531045914,2.8094344973564147,-0.011448080092668534,0.018081228039227425,0.13493449110537767,0.2,0.5749433040618896,0.010088868,0.0003,0.011714059859514236
164,1,31,-0.7667578474089844,172.41,496640,937,0.05961097031831741,2.80343953371048,-0.015343061261228285,0.012520072201732546,0.1727263381704688,0.2,0.8522548675537109,0.01435947,0.0003,0.003965703770518303
158,1,32,-0.8138458212752387,175.56,501760,947,0.05981796234846115,2.799524176120758,-0.011740362955606543,0.01965884296223521,0.12416562158614397,0.2,0.7399287223815918,0.014638968,0.0003,0.010233569890260696
206,1,24,-0.7848895799096978,175.2,506880,957,0.05964737758040428,2.797582286596298,-0.01111853854963556,0.01659576818346977,0.1561868299730122,0.2,0.7530238628387451,0.01253348,0.0003,0.006199239753186703
185,1,27,-0.9729212302951935,178.62,512000,967,0.06006908416748047,2.7958010911941527,-0.013394718748168088,0.026220951182767748,0.14166118772700428,0.2,0.5347328186035156,0.011048681,0.0003,0.01600688509643078
213,1,23,-1.07302741409407,184.5,517120,977,0.060120902955532074,2.7855181980133055,-0.011163529122713954,0.036723596677184105,0.1609085401892662,0.2,0.6383025646209717,0.0129945995,0.0003,0.018112506717443466
205,1,24,-0.919156759822319,182.28,522240,987,0.0604451447725296,2.781383162736893,-0.012984717154176905,0.011840417142957449,0.14693609457463025,0.2,0.8637416958808899,0.015563442,0.0003,0.015164014883339405
278,1,18,-0.9964423394731362,183.99,527360,997,0.06075988709926605,2.769914298057556,-0.004468276324914768,0.017340241500642152,0.18152876496315,0.2,0.765499472618103,0.01525196,0.0003,0.07362868636846542
281,1,18,-1.1493639339773087,186.9,532480,1007,0.06067582964897156,2.765364706516266,-0.010749857197515667,0.035878096055239436,0.14822909347712993,0.2,0.6075547933578491,0.011719443,0.0003,0.008833208121359348
315,1,16,-1.0371130842007368,187.36,537600,1017,0.06069584935903549,2.7672217726707458,-0.011082837474532425,0.023255491466261446,0.1556059223599732,0.2,0.7506117224693298,0.01485551,0.0003,0.015432451851665974
271,1,18,-1.0353013319567506,188.83,542720,1027,0.06074840947985649,2.7654991070429484,-0.012756172955657044,0.03002244681119919,0.143568979203701,0.2,0.6919382810592651,0.0110320905,0.0003,0.017410606145858765
264,1,19,-1.150991034393147,185.57,547840,1037,0.0608837716281414,2.762234846750895,-0.01224562629358843,0.013776385209833581,0.1474434199432532,0.2,0.7418857216835022,0.013719663,0.0003,0.013578739017248154
309,1,16,-1.0849327325264084,186.44,552960,1047,0.06077990680932999,2.761048585176468,-0.012010252095933538,0.01720650033093989,0.14705812521278858,0.2,0.7583461999893188,0.014593728,0.0003,0.010328339412808418
277,1,18,-0.9696326877938337,185.52,558080,1057,0.060808781534433365,2.7628809070587157,-0.011575153218582273,0.016867389250546694,0.15146525368094443,0.2,0.8017339706420898,0.01162556,0.0003,0.017447905614972115
284,1,18,-1.204758141751972,184.46,563200,1067,0.060958411544561386,2.7604044020175933,-0.01171570029691793,0.026182615477591754,0.140983166731894,0.2,0.8275448083877563,0.01243702,0.0003,0.016597934067249298
308,1,16,-1.1870478234088877,185.58,568320,1077,0.06119805946946144,2.7533378839492797,-0.004989469232968986,0.05249357610940933,0.203828125,0.2,0.620203971862793,0.015534282,0.0003,0.028797931969165802
244,1,20,-1.1512214894422883,187.44,573440,1087,0.06130913645029068,2.7479262749354043,-0.009410362085327506,0.015405340089152257,0.16748638128240903,0.2,0.8882803916931152,0.014885806,0.0003,0.023054927587509155
267,1,19,-1.1138076197175895,187.03,578560,1097,0.06134549900889397,2.744857978820801,-0.015536350063048304,0.01405504897236824,0.16099609389901162,0.2,0.8072064518928528,0.013248881,0.0003,0.024856343865394592
278,1,18,-1.0334610197613976,184.13,583680,1107,0.06149839609861374,2.7424998462200163,-0.012290971447509947,0.016789102414622902,0.15080947782844306,0.2,0.7171757817268372,0.012793057,0.0003,0.009961112402379513
301,1,16,-0.5932104984679633,185.08,588800,1117,0.061500370502471924,2.7391205608844755,-0.013132508710259571,0.01581673282198608,0.1239376837387681,0.2,0.83894944190979,0.012180784,0.0003,0.015314459800720215
292,1,17,-0.6828937255618593,183.6,593920,1127,0.061626434326171875,2.7377923727035522,-0.018754851631820203,0.010888867716615399,0.15557064414024352,0.2,0.6378410458564758,0.016051615,0.0003,0.00014870590530335903
254,1,20,-0.8517746485234489,183.43,599040,1137,0.061477649956941605,2.737731045484543,-0.0116066320479149,0.018787642824463546,0.15912613589316607,0.2,0.826590895652771,0.015828904,0.0003,0.0249760914593935
273,1,18,-0.8225732084864054,184.21,604160,1147,0.061618365347385406,2.738547010421753,-0.012157898085133638,0.022224018443375827,0.15706936091184617,0.2,0.759799599647522,0.015661344,0.0003,0.005302224308252335
245,1,20,-0.7684489545049163,179.0,609280,1157,0.06206066161394119,2.7295049011707304,-0.01334204187623982,0.014578387816436588,0.17359326425939797,0.2,0.7702355980873108,0.0118431095,0.0003,0.010324310511350632
285,1,17,-0.880917549141665,177.01,614400,1167,0.062162235379219055,2.7195131957530974,-0.007883802651122096,0.024918059166520835,0.13178991163149475,0.2,0.6305131912231445,0.011015874,0.0003,0.03621171787381172
237,1,21,-0.8984367956305667,176.7,619520,1177,0.06217020004987717,2.7184495866298675,-0.01522231902636122,0.015728442138060926,0.1553050946444273,0.2,0.7647197842597961,0.014546633,0.0003,0.01101594977080822
321,1,15,-1.0396546344937714,183.5,624640,1187,0.062414392828941345,2.715199476480484,-0.011866616574116052,0.02350234764162451,0.15430947598069905,0.2,0.8174408078193665,0.013820684,0.0003,0.0024345917627215385
320,1,15,-1.2620634272109439,183.61,629760,1197,0.06294083595275879,2.7025930285453796,-0.012826706608757376,0.018757139821536838,0.1651904061436653,0.2,0.8408795595169067,0.012536526,0.0003,0.000799061730504036
312,1,16,-1.1858430037821193,182.08,634880,1207,0.06328968703746796,2.6877390003204344,-0.008078063374850898,0.023676044140011072,0.1894582198560238,0.2,0.7452868223190308,0.017176159,0.0003,-0.01038607582449913
322,1,15,-0.9764046929539485,187.17,640000,1217,0.06353931874036789,2.6782822608947754,-0.011228366713039577,0.016407859455794097,0.1811756247282028,0.2,0.680388331413269,0.016067458,0.0003,0.03695657476782799
352,1,14,-0.8851863542058789,188.56,645120,1227,0.06360268592834473,2.673924970626831,-0.010257424878363963,0.0077952885651029645,0.18084000023081898,0.2,0.9343671202659607,0.018340435,0.0003,-0.004734203219413757
357,1,14,-0.7139781934011887,184.57,650240,1237,0.0634508728981018,2.6755541563034058,-0.011678007744103524,0.014657231024466455,0.17608338650316,0.2,0.8540008664131165,0.015655126,0.0003,0.02459821291267872
321,1,15,-0.610593709504156,186.76,655360,1247,0.06354153156280518,2.6772731602191926,-0.015887269040104002,0.009359820804093033,0.14822464385069906,0.2,0.7527311444282532,0.014507952,0.0003,-0.002640053629875183
280,1,18,-0.6316198480971442,191.04,660480,1257,0.06353867053985596,2.675577735900879,-0.01547379670664668,0.027177564264275134,0.16251048955600708,0.2,0.7218311429023743,0.016003324,0.0003,0.014055587351322174
327,1,15,-0.6572185209177454,194.6,665600,1267,0.06369510293006897,2.6735231995582582,-0.011933905410114676,0.016954522137530147,0.1770393505692482,0.2,0.7845453023910522,0.019042717,0.0003,0.010206111706793308
322,1,15,-0.7685273365431307,191.87,670720,1277,0.06385099142789841,2.6685987234115602,-0.009672495193080976,0.023654542164877057,0.16043238192796708,0.2,0.5692963600158691,0.012714105,0.0003,0.015446186996996403
310,1,16,-0.6672631062083706,187.4,675840,1287,0.06390072405338287,2.665086770057678,-0.014357824692342546,0.010428723343648017,0.1850275494158268,0.2,0.8803562521934509,0.020959258,0.0003,0.013707315549254417
270,1,18,-0.6724745630642255,182.96,680960,1297,0.06393803656101227,2.6637579679489134,-0.014821464399574324,0.009582660847809166,0.17236605193465948,0.2,0.7271324396133423,0.014579388,0.0003,0.005772744305431843
303,1,16,-0.6378154556127063,188.68,686080,1307,0.06400148570537567,2.663153964281082,-0.014588937402004376,0.015298144053667783,0.1590525043196976,0.2,0.7518789172172546,0.015116875,0.0003,-0.00353261549025774
325,1,15,-0.7165463210313776,189.8,691200,1317,0.06409305334091187,2.6603261788686114,-0.013527372933458537,0.01751024052500725,0.14291169273977478,0.2,0.811771035194397,0.013573608,0.0003,0.012685524299740791
330,1,15,-0.7539649742819704,191.44,696320,1327,0.06417788565158844,2.6576154112815855,-0.014325796911725775,0.014824241888709367,0.14947037547826766,0.2,0.40810060501098633,0.014763286,0.0003,0.013981994241476059
299,1,17,-0.8981841087572511,192.24,701440,1337,0.0643133893609047,2.6556141674518585,-0.012717497703852132,0.01214270225027576,0.1502843065187335,0.2,0.8281764984130859,0.010811813,0.0003,0.00643541757017374
341,1,14,-0.9945721523348756,195.43,706560,1347,0.06454094499349594,2.6484299659729005,-0.014476214667502063,0.017199423629790545,0.14519024472683667,0.2,0.663446307182312,0.012247018,0.0003,0.006261814851313829
341,1,14,-1.0128694860187446,191.74,711680,1357,0.06462860107421875,2.6429083347320557,-0.013279309606878087,0.014455443853512407,0.1850422265008092,0.2,0.7099393606185913,0.01589005,0.0003,0.007100966293364763
312,1,16,-0.8317365606996945,193.8,716800,1367,0.06462636590003967,2.6424581825733187,-0.013365841007907876,0.008550942281726748,0.1604740185663104,0.2,0.6661479473114014,0.012705745,0.0003,0.017282800748944283
410,1,12,-0.8027238428445627,196.59,721920,1377,0.06467368453741074,2.6427512228488923,-0.013587341496895533,0.01173720007063821,0.14421652182936667,0.2,0.750305712223053,0.012456448,0.0003,-0.0011067516170442104
237,1,21,-0.8430958113290137,194.65,727040,1387,0.06482887268066406,2.639205813407898,-0.010656598582863807,0.010257252569620809,0.1687427540620168,0.2,0.2302546501159668,0.01995399,0.0003,0.007434914819896221
377,1,13,-0.763320948485454,194.81,732160,1397,0.06479489803314209,2.636314826011658,-0.005570904184132815,0.023816339280456303,0.19104166716337204,0.2,0.5738906860351562,0.015025577,0.0003,0.11234479397535324
291,1,17,-0.8460838730544059,193.97,737280,1407,0.06478211283683777,2.6373784244060516,-0.011644678824814037,0.01643885534722358,0.1664281027391553,0.2,0.48748040199279785,0.01465039,0.0003,0.003803306259214878
259,1,19,-0.9459220623411163,198.05,742400,1417,0.06531032174825668,2.630012255907059,-0.014297401989460922,0.016766664013266562,0.1618804756551981,0.2,0.5987924337387085,0.01660164,0.0003,0.0032786563970148563
260,1,19,-1.0741265801402031,197.69,747520,1427,0.06540150940418243,2.6182722647984824,-0.00999581318271036,0.034620454628020526,0.16118764951825143,0.2,-0.05530142784118652,0.018137654,0.0003,0.019141623750329018
272,1,18,-1.2572696264775944,197.84,752640,1437,0.06529995799064636,2.6196785449981688,-0.0102559061255306,0.026758080534636974,0.1767088308930397,0.2,0.4550459384918213,0.013585305,0.0003,0.011037157848477364
309,1,16,-1.212070908086163,197.26,757760,1447,0.0655859038233757,2.6167273998260496,-0.014491406461456791,0.014391182479448617,0.14719406263902785,0.2,0.5320253372192383,0.0147871105,0.0003,0.01019340381026268
398,1,12,-1.3081971207389858,195.78,762880,1457,0.06557367742061615,2.6115702271461485,-0.008507737793843262,0.02330162508878857,0.15176752544939517,0.2,0.470194935798645,0.018240457,0.0003,0.007475453428924084
343,1,14,-1.3984840600895243,194.75,768000,1467,0.06577128171920776,2.610266351699829,-0.0066476343665272,0.02263183200266212,0.19074547253549098,0.2,0.4333423376083374,0.013155695,0.0003,0.016996240243315697
328,1,15,-1.4106653821002695,193.35,773120,1477,0.06589251756668091,2.6049484968185426,-0.01560686603479553,0.02427329681813717,0.1647331476211548,0.2,0.23219406604766846,0.015846584,0.0003,0.0030749342404305935
352,1,14,-1.307710018068097,188.38,778240,1487,0.06611215323209763,2.599770557880402,-0.01559547265060246,0.03528670645318925,0.14981208816170694,0.2,0.5604739189147949,0.013817232,0.0003,0.0018665539100766182
379,1,13,-1.2067593154038598,186.44,783360,1497,0.06622277200222015,2.5946409106254578,-0.012030360387871041,0.017282402119599284,0.14290569461882113,0.2,0.47682541608810425,0.01434823,0.0003,0.010643135756254196
391,1,13,-1.0400115151084828,190.2,788480,1507,0.06659950315952301,2.588000178337097,-0.016807580324530134,0.017335190111771225,0.15991039285436273,0.2,0.08816945552825928,0.016379822,0.0003,0.0030975528061389923
423,1,12,-0.8970422776213712,191.31,793600,1517,0.06664574146270752,2.5806049704551697,-0.014749092125930474,0.009688773122616113,0.1444785707630217,0.2,0.2588702440261841,0.015157548,0.0003,0.0015286370180547237
449,1,11,-0.8693199603361186,191.8,798720,1527,0.06664003431797028,2.5806809306144713,-0.015865472953009885,0.015104574779979885,0.18104505948722363,0.2,0.41796982288360596,0.015060769,0.0003,0.005618733819574118
497,1,10,-0.8735236494323424,197.73,803840,1537,0.0668998509645462,2.576642280817032,-0.003546102537075058,0.03140043506864458,0.1527112288400531,0.2,0.37184011936187744,0.014922491,0.0003,0.008301293477416039
365,1,14,-1.026253351820195,198.98,808960,1547,0.06705553829669952,2.570859662691752,-0.012731374328723177,0.03261001290132602,0.14569784607738256,0.2,0.6381051540374756,0.011422957,0.0003,0.018121985718607903
382,1,13,-0.9042914066010143,201.56,814080,1557,0.0671042874455452,2.566247594356537,-0.014842587341263425,0.02101056647952646,0.1377270843833685,0.2,0.356200635433197,0.012948549,0.0003,-0.004304799251258373
380,1,13,-1.0727168676543553,203.06,819200,1567,0.06725654006004333,2.5645003259181975,-0.012103193724760786,0.014372417144477368,0.1411329699680209,0.2,0.47256314754486084,0.012016233,0.0003,0.010322822257876396
381,1,13,-1.1403605943944504,204.56,824320,1577,0.06718070805072784,2.563136547803879,-0.01324124911625404,0.025852914876304568,0.14185862513259054,0.2,0.635962188243866,0.011992905,0.0003,0.010225711390376091
403,1,12,-1.0392630306702615,205.15,829440,1587,0.06742589175701141,2.5617897748947143,-0.013727018961799332,0.0112345089786686,0.1410348992794752,0.2,0.6097232103347778,0.010863337,0.0003,0.013022205792367458
349,1,14,-0.7992313278731699,202.52,834560,1597,0.06766669452190399,2.5533876260121664,-0.01319919190524767,0.016004745848476887,0.13448581562067072,0.2,0.482758104801178,0.016248563,0.0003,0.011331699788570404
367,1,13,-0.8404749538603172,202.71,839680,1607,0.06795309484004974,2.545510882139206,-0.012777938881481533,0.018121809302829205,0.14934345986694098,0.2,0.49176138639450073,0.012457341,0.0003,0.007355909328907728
396,1,12,-0.8655353875164158,204.88,844800,1617,0.06838414818048477,2.5349295794963838,-0.011679010570514948,0.01769037588965148,0.1411073884461075,0.2,0.6147316694259644,0.012618601,0.0003,5.00993337482214e-05
433,1,11,-0.8595201159353582,209.44,849920,1627,0.0685090571641922,2.525750017166138,-0.011505035409936682,0.014363583805970848,0.16935247629880906,0.2,0.6028693914413452,0.015870016,0.0003,0.0039305430836975574
372,1,13,-0.7665950354664279,211.74,855040,1637,0.06862622499465942,2.5232923865318297,-0.018161210766993462,0.019157648435793817,0.18530026245862247,0.2,0.6177617311477661,0.016768577,0.0003,0.0021979128941893578
459,1,11,-0.7966223464440745,206.39,860160,1647,0.06883110851049423,2.518403506278992,-0.014547826623311267,0.008089930936694145,0.157013576105237,0.2,0.6324681043624878,0.014554817,0.0003,0.007704481016844511
334,1,15,-0.7768039766756819,204.4,865280,1657,0.0690261498093605,2.512048625946045,-0.012852569832466543,0.012532078723112742,0.16929583375652632,0.2,0.4463160037994385,0.01708913,0.0003,0.002141183242201805
456,1,11,-0.8423681243283353,211.84,870400,1667,0.06920799612998962,2.5069977045059204,-0.008303000876912848,0.02868785858154297,0.1870378904044628,0.2,0.47628408670425415,0.01793909,0.0003,0.028531964868307114
513,1,9,-1.026361330471695,213.43,875520,1677,0.06924641132354736,2.50373211701711,-0.011077241130017986,0.022844193627436955,0.17351393302281698,0.2,0.6454237699508667,0.012367241,0.0003,0.012576058506965637
355,1,14,-1.0731426454166513,210.14,880640,1687,0.06946229934692383,2.5012898127237957,-0.015980749515195687,0.027043590601533652,0.1712325615187486,0.2,-0.18952202796936035,0.017295731,0.0003,0.009099800139665604
427,1,11,-1.1040015784504529,205.88,885760,1697,0.06960420310497284,2.4944310069084166,-0.012141081321169622,0.016800303431227803,0.15517039485275747,0.2,0.5156527757644653,0.012142017,0.0003,0.007411932572722435
432,1,11,-1.1413881329150357,207.87,890880,1707,0.06944745033979416,2.494710373878479,-0.014103981881635263,0.018456040322780608,0.14561025500297547,0.2,0.5235297679901123,0.012841739,0.0003,0.007638060487806797
482,1,10,-1.1928025739192747,207.61,896000,1717,0.06940113753080368,2.4982938687006633,-0.017314105981495232,0.013602088174472253,0.16503126875807841,0.2,0.712094783782959,0.01424683,0.0003,0.005947155877947807
442,1,11,-1.157671051781057,203.31,901120,1727,0.06962132453918457,2.4968424876530966,-0.011431323414823662,0.01905271749322613,0.16121761575341226,0.2,0.19733691215515137,0.016230049,0.0003,0.014936001971364021
359,1,14,-0.9764246398189147,209.15,906240,1737,0.06994321942329407,2.4879077553749083,-0.01530409202678129,0.021262494241818787,0.1711278272792697,0.2,0.6560871601104736,0.015832927,0.0003,0.008034268394112587
397,1,12,-0.8492824560686287,210.02,911360,1747,0.07000536471605301,2.482509430249532,-0.014484482770785689,0.0169092648041745,0.15402143473426502,0.2,0.2704061269760132,0.016624985,0.0003,0.008546132594347
398,1,12,-0.8007638334478766,208.6,916480,1757,0.0702209547162056,2.4784823735555013,-0.015045671842138593,0.01132812414628764,0.14720346784840027,0.2,0.5867347717285156,0.012944042,0.0003,-2.924492582678795e-05
384,1,13,-0.8122778198511424,207.03,921600,1767,0.07061201333999634,2.469527155160904,-0.011820892284958973,0.011259669426362962,0.1709898479282856,0.2,0.738146185874939,0.016720444,0.0003,-0.0048146918416023254
465,1,11,-0.829420360427041,206.91,926720,1777,0.07040850818157196,2.466583329439163,-0.01295467426534742,0.016386715578846633,0.17530298549681902,0.2,0.6319494247436523,0.01498103,0.0003,0.004796769469976425
355,1,14,-0.8452489118420692,202.95,931840,1787,0.07060402631759644,2.4678544680277508,-0.013583219465605605,0.023446122401704392,0.1641585946083069,0.2,0.4354288578033447,0.012890533,0.0003,0.00503115588799119
445,1,11,-0.8941688457986645,199.26,936960,1797,0.07062767446041107,2.4640192568302153,-0.011530629562912509,0.015437453682534397,0.19029086269438267,0.2,0.5115563273429871,0.01760152,0.0003,3.777816891670227e-05
293,1,17,-0.8948526378135044,198.17,942080,1807,0.07058302313089371,2.4648391087849935,-0.013689201204882314,0.00939071389536063,0.16686640568077565,0.2,-0.2072669267654419,0.019223709,0.0003,0.0020810209680348635
476,1,10,-0.8994115330393688,200.69,947200,1817,0.07086111605167389,2.461458849906921,-0.007852879670099355,0.01826370016206056,0.18512921323999762,0.2,0.3923693299293518,0.013323529,0.0003,0.024887343868613243
1,1,3622,-0.8047238976456367,199.63,952320,1827,0.07090038806200027,2.4562720119953156,-0.006634643743018387,0.012084053514990955,0.20836292598396539,0.2,0.6135686635971069,0.023262013,0.0003,-0.004309827461838722
