completion_index,native_return,unscaled_learning_return,learning_return,shaping_return
0,-102.60699361687415,-102.60699361687415,-1.0260699361687415,0.0
1,-138.5765021701336,-138.5765021701336,-1.3857650217013362,0.0
2,-102.66653291815905,-102.66653291815906,-1.0266653291815906,-1.4210854715202004e-14
3,-96.05587197896924,-96.05587197896924,-0.9605587197896924,0.0
4,-348.53152650483275,-348.53152650483275,-3.4853152650483277,0.0
5,-145.22484811018953,-145.22484811018953,-1.4522484811018952,0.0
6,-139.54310533794572,-139.54310533794572,-1.3954310533794572,0.0
7,-16.61477751673599,-16.61477751673599,-0.1661477751673599,0.0
8,-405.32007746754016,-405.32007746754016,-4.0532007746754015,0.0
9,-151.87014837220906,-151.87014837220906,-1.5187014837220907,0.0
10,37.389801607451815,37.389801607451815,0.37389801607451817,0.0
11,37.40803938329595,37.40803938329595,0.3740803938329595,0.0
12,-19.333659538558827,-19.333659538558827,-0.19333659538558828,0.0
13,37.40730817897424,37.40730817897424,0.3740730817897424,0.0
14,-13.670013612444961,-13.670013612444961,-0.13670013612444962,0.0
15,37.405093787973904,37.405093787973904,0.37405093787973903,0.0
16,-13.761196820075995,-13.761196820075993,-0.13761196820075994,1.7763568394002505e-15
17,-19.371093546069936,-19.371093546069936,-0.19371093546069937,0.0
18,37.27810683788736,37.27810683788736,0.3727810683788736,0.0
19,37.288117360730446,37.288117360730446,0.3728811736073045,0.0
20,37.409771552802304,37.409771552802304,0.37409771552802307,0.0
21,-30.707117673151906,-30.707117673151906,-0.30707117673151907,0.0
22,37.407065537885785,37.407065537885785,0.37407065537885786,0.0
23,-357.0008597467207,-357.0008597467207,-3.5700085974672073,0.0
24,37.299610527420576,37.299610527420576,0.3729961052742058,0.0
25,26.05771500447452,26.057715004474517,0.2605771500447452,-3.552713678800501e-15
26,24.162820269417956,24.162820269417956,0.24162820269417956,0.0
27,37.33191229021662,37.33191229021662,0.37331912290216623,0.0
28,-357.0604221752047,-357.0604221752047,-3.570604221752047,0.0
29,-32.695725671068395,-32.695725671068395,-0.32695725671068393,0.0
30,37.40875771889444,37.40875771889444,0.3740875771889444,0.0
31,-45.86954064798953,-45.86954064798953,-0.4586954064798953,0.0
32,-62.87474142757267,-62.87474142757268,-0.6287474142757268,-7.105427357601002e-15
33,-71.37186364100259,-71.37186364100259,-0.713718636410026,0.0
34,-77.05932838291417,-77.05932838291417,-0.7705932838291417,0.0
35,-131.9079987655404,-131.9079987655404,-1.3190799876554042,0.0
36,-15.571448029243747,-15.571448029243747,-0.15571448029243748,0.0
37,-189.59489375897712,-189.59489375897712,-1.8959489375897713,0.0
38,-55.35288750436886,-55.352887504368866,-0.5535288750436886,-7.105427357601002e-15
39,-20.54145957044149,-20.54145957044149,-0.2054145957044149,0.0
40,-79.85695984856343,-79.85695984856343,-0.7985695984856344,0.0
41,-14.606484792291866,-14.606484792291866,-0.14606484792291866,0.0
42,-315.3410246285811,-315.3410246285811,-3.1534102462858113,0.0
43,-365.49688567404064,-365.49688567404064,-3.6549688567404064,0.0
44,-122.46931437628109,-122.4693143762811,-1.224693143762811,-1.4210854715202004e-14
45,37.30272928502743,37.30272928502743,0.3730272928502743,0.0
46,-7.177712736190138,-7.177712736190138,-0.07177712736190138,0.0
47,-896.241550166857,-896.241550166857,-8.96241550166857,0.0
48,37.2520937969591,37.2520937969591,0.372520937969591,0.0
49,-896.2136118875862,-896.2136118875862,-8.962136118875863,0.0
50,-235.89662235478602,-235.89662235478602,-2.3589662235478603,0.0
51,-36.35536379323548,-36.35536379323548,-0.36355363793235485,0.0
52,-148.89402322665083,-148.89402322665083,-1.4889402322665084,0.0
53,-216.98631762577796,-216.98631762577799,-2.16986317625778,-2.842170943040401e-14
54,-15.55292882315328,-15.55292882315328,-0.1555292882315328,0.0
55,-6.112937029165003,-6.112937029165003,-0.06112937029165003,0.0
56,-115.79710682681468,-115.79710682681467,-1.1579710682681468,1.4210854715202004e-14
57,-332.36319410558787,-332.36319410558787,-3.323631941055879,0.0
58,-40.14424321231256,-40.14424321231256,-0.4014424321231256,0.0
59,22.2726802551443,22.2726802551443,0.22272680255144303,0.0
60,-70.40057825347517,-70.40057825347517,-0.7040057825347518,0.0
61,37.409107390890696,37.409107390890696,0.37409107390890695,0.0
62,-20.27766348842269,-20.27766348842269,-0.2027766348842269,0.0
63,-83.69533725461724,-83.69533725461724,-0.8369533725461724,0.0
64,-72.36997710904389,-72.36997710904389,-0.7236997710904389,0.0
65,37.403546907897706,37.403546907897706,0.37403546907897706,0.0
66,16.563863700883076,16.563863700883076,0.16563863700883075,0.0
67,37.356178313916935,37.356178313916935,0.3735617831391694,0.0
68,16.528541768015142,16.528541768015142,0.16528541768015143,0.0
69,-24.125832188998686,-24.125832188998686,-0.24125832188998686,0.0
70,0.4747263815703562,0.4747263815703562,0.004747263815703562,0.0
71,37.407404876009984,37.407404876009984,0.37407404876009986,0.0
72,37.4055218435657,37.4055218435657,0.37405521843565703,0.0
73,37.404728072515795,37.404728072515795,0.37404728072515797,0.0
74,-386.2906677106788,-386.2906677106788,-3.862906677106788,0.0
75,-47.74426708531287,-47.74426708531287,-0.4774426708531287,0.0
76,-764.572529023656,-764.572529023656,-7.64572529023656,0.0
77,-243.54098073737322,-243.54098073737322,-2.4354098073737322,0.0
78,-793.9125147701442,-793.9125147701442,-7.939125147701442,0.0
79,-275.7064318016174,-275.7064318016174,-2.757064318016174,0.0
80,-128.08898323431296,-128.08898323431296,-1.2808898323431297,0.0
81,-727.6942643895059,-727.6942643895059,-7.276942643895059,0.0
82,-730.5097582692342,-730.5097582692342,-7.305097582692342,0.0
83,-456.33826773718386,-456.33826773718386,-4.5633826773718384,0.0
84,-160.26520052169036,-160.26520052169036,-1.6026520052169035,0.0
85,-80.80798920832271,-80.80798920832271,-0.8080798920832271,0.0
86,-76.1024147414043,-76.1024147414043,-0.761024147414043,0.0
87,-325.8380010797837,-325.8380010797837,-3.2583800107978367,0.0
88,-374.11108568336255,-374.11108568336255,-3.7411108568336253,0.0
89,-449.7744417233057,-449.7744417233057,-4.497744417233057,0.0
90,22.27748668174485,22.27748668174485,0.2227748668174485,0.0
91,37.408896501920474,37.408896501920474,0.37408896501920474,0.0
92,37.40823649356538,37.40823649356538,0.37408236493565383,0.0
93,-149.8693239091425,-149.8693239091425,-1.4986932390914252,0.0
94,37.401212022186925,37.401212022186925,0.37401212022186925,0.0
95,22.275187199011867,22.275187199011867,0.22275187199011867,0.0
96,37.40429290204965,37.40429290204965,0.37404292902049646,0.0
97,-258.6230018687894,-258.6230018687894,-2.586230018687894,0.0
98,-258.6755189379966,-258.6755189379966,-2.5867551893799665,0.0
99,-149.96670562465053,-149.96670562465053,-1.4996670562465053,0.0
100,32.68020276382155,32.68020276382155,0.3268020276382155,0.0
101,37.38262351191841,37.38262351191841,0.3738262351191841,0.0
102,37.40087942817951,37.40087942817951,0.37400879428179507,0.0
103,-75.13171263334254,-75.13171263334254,-0.7513171263334255,0.0
104,-21.24680865949494,-21.24680865949494,-0.2124680865949494,0.0
105,-653.9407763359637,-653.9407763359637,-6.5394077633596375,0.0
106,-300.2446337090632,-300.2446337090632,-3.002446337090632,0.0
107,-24.13082065370724,-24.13082065370724,-0.2413082065370724,0.0
108,-180.25340213434558,-180.25340213434558,-1.8025340213434558,0.0
109,-623.827462401264,-623.827462401264,-6.23827462401264,0.0
110,37.40949390652429,37.40949390652429,0.3740949390652429,0.0
111,-14.605649202742597,-14.6056492027426,-0.146056492027426,-1.7763568394002505e-15
112,-130.99396637355375,-130.99396637355375,-1.3099396637355374,0.0
113,-141.4275964742,-141.4275964742,-1.4142759647419998,0.0
114,-22.236679174887072,-22.236679174887072,-0.22236679174887072,0.0
115,-79.00464605673616,-79.00464605673616,-0.7900464605673616,0.0
116,-86.16098157707845,-86.16098157707845,-0.8616098157707844,0.0
117,-75.44831440562622,-75.44831440562622,-0.7544831440562623,0.0
118,-78.22892388440133,-78.22892388440133,-0.7822892388440132,0.0
119,-67.88969242417093,-67.88969242417093,-0.6788969242417093,0.0
120,37.40865525778033,37.40865525778033,0.3740865525778033,0.0
121,37.40815363177914,37.40815363177914,0.37408153631779145,0.0
122,-19.344690480248644,-19.344690480248644,-0.19344690480248644,0.0
123,37.36000278750524,37.36000278750524,0.37360002787505237,0.0
124,-8.9582967534202,-8.9582967534202,-0.089582967534202,0.0
125,20.376570465126107,20.376570465126107,0.2037657046512611,0.0
126,-39.246011884963714,-39.246011884963714,-0.39246011884963716,0.0
127,-65.70970343053241,-65.70970343053241,-0.6570970343053242,0.0
128,-22.231649641177434,-22.231649641177434,-0.22231649641177434,0.0
129,37.30123119296439,37.30123119296439,0.3730123119296439,0.0
130,-21.30133944028001,-21.30133944028001,-0.2130133944028001,0.0
131,-21.291897041250706,-21.291897041250706,-0.21291897041250707,0.0
132,-218.97509377031398,-218.97509377031398,-2.1897509377031397,0.0
133,-233.71947694502418,-233.71947694502418,-2.337194769450242,0.0
134,-132.47253442283272,-132.47253442283272,-1.3247253442283273,0.0
135,-776.0431522683117,-776.0431522683117,-7.760431522683117,0.0
136,-537.6695003386252,-537.6695003386252,-5.376695003386252,0.0
137,-231.3754457282663,-231.3754457282663,-2.313754457282663,0.0
138,-772.3196099517518,-772.3196099517518,-7.7231960995175175,0.0
139,-550.2034764018684,-550.2034764018684,-5.502034764018685,0.0
140,-473.3181313920481,-473.3181313920481,-4.733181313920481,0.0
141,-28.808796757059426,-28.808796757059422,-0.28808796757059424,3.552713678800501e-15
142,-473.28718720475143,-473.28718720475143,-4.7328718720475145,0.0
143,-66.6700915333125,-66.6700915333125,-0.666700915333125,0.0
144,-36.39973983300719,-36.39973983300719,-0.3639973983300719,0.0
145,-59.13276489120666,-59.13276489120667,-0.5913276489120667,-7.105427357601002e-15
146,37.366979073125805,37.366979073125805,0.37366979073125806,0.0
147,-110.28108638900008,-110.2810863890001,-1.102810863890001,-1.4210854715202004e-14
148,-110.35966655277943,-110.35966655277942,-1.1035966655277942,1.4210854715202004e-14
149,37.206516220947044,37.206516220947044,0.37206516220947045,0.0
150,-61.90478402521472,-61.90478402521472,-0.6190478402521472,0.0
151,-131.88405178563687,-131.88405178563687,-1.3188405178563687,0.0
152,37.38354632417181,37.38354632417181,0.3738354632417181,0.0
153,-63.831678636973734,-63.831678636973734,-0.6383167863697373,0.0
154,-113.02609081634523,-113.02609081634522,-1.1302609081634523,1.4210854715202004e-14
155,-18.462409699545432,-18.462409699545432,-0.18462409699545432,0.0
156,-17.564748252851963,-17.564748252851963,-0.17564748252851964,0.0
157,-18.451781445505702,-18.451781445505702,-0.18451781445505702,0.0
158,-129.12998086247137,-129.12998086247137,-1.2912998086247138,0.0
159,-81.85893718213364,-81.85893718213364,-0.8185893718213365,0.0
160,-73.24268206863901,-73.24268206863901,-0.7324268206863901,0.0
161,37.40725173371173,37.40725173371173,0.3740725173371173,0.0
162,-97.83063800766135,-97.83063800766135,-0.9783063800766135,0.0
163,-93.1778617888861,-93.1778617888861,-0.9317786178888611,0.0
164,12.76167620193312,12.761676201933119,0.1276167620193312,-1.7763568394002505e-15
165,-1507.9735914492583,-1507.9735914492583,-15.079735914492582,0.0
166,-251.21737215714822,-251.21737215714822,-2.5121737215714823,0.0
167,-265.43468130469023,-265.43468130469023,-2.6543468130469026,0.0
168,-1613.1001735888283,-1613.1001735888283,-16.131001735888283,0.0
169,-1716.1420101115696,-1716.1420101115696,-17.161420101115695,0.0
170,-20.283465405029865,-20.283465405029865,-0.20283465405029866,0.0
171,-67.60665982286753,-67.60665982286753,-0.6760665982286753,0.0
172,-630.3697103733911,-630.3697103733911,-6.303697103733911,0.0
173,-69.53734326718114,-69.53734326718114,-0.6953734326718114,0.0
174,-674.8409287277474,-674.8409287277474,-6.748409287277474,0.0
175,-141.49925682655584,-141.49925682655584,-1.4149925682655584,0.0
176,-257.90377461633193,-257.90377461633193,-2.579037746163319,0.0
177,-201.18283586872033,-201.18283586872033,-2.0118283586872034,0.0
178,-78.2642901020877,-78.2642901020877,-0.782642901020877,0.0
179,-77.41028395418456,-77.41028395418456,-0.7741028395418457,0.0
180,37.40839056259306,37.40839056259306,0.37408390562593063,0.0
181,-13.659303734317511,-13.659303734317513,-0.13659303734317513,-1.7763568394002505e-15
182,37.4081717819901,37.4081717819901,0.374081717819901,0.0
183,37.40750417809365,37.40750417809365,0.37407504178093653,0.0
184,37.3871529960696,37.3871529960696,0.37387152996069606,0.0
185,-13.818658865412736,-13.818658865412736,-0.13818658865412736,0.0
186,-59.94583524149406,-59.94583524149406,-0.5994583524149406,0.0
187,-42.459679694308846,-42.459679694308846,-0.4245967969430885,0.0
188,-94.45086824921063,-94.45086824921063,-0.9445086824921063,0.0
189,-15.133731258927838,-15.133731258927838,-0.15133731258927838,0.0
190,-23.16470013880533,-23.16470013880533,-0.2316470013880533,0.0
191,37.380056987927766,37.380056987927766,0.3738005698792777,0.0
192,-16.49877946288484,-16.49877946288484,-0.1649877946288484,0.0
193,-17.44832084387516,-17.44832084387516,-0.1744832084387516,0.0
194,-172.53927506970123,-172.53927506970123,-1.7253927506970124,0.0
195,-60.99808316192062,-60.998083161920626,-0.6099808316192062,-7.105427357601002e-15
196,-0.4265426267980601,-0.42654262679806015,-0.004265426267980601,-5.551115123125783e-17
197,-310.6918774984866,-310.6918774984866,-3.106918774984866,0.0
198,-199.0392396649906,-199.0392396649906,-1.990392396649906,0.0
199,-71.3589300389916,-71.3589300389916,-0.7135893003899161,0.0
200,37.40763538812815,37.40763538812815,0.3740763538812815,0.0
201,-86.51280941758215,-86.51280941758215,-0.8651280941758215,0.0
202,-78.94500802010614,-78.94500802010614,-0.7894500802010614,0.0
203,-19.404350243806938,-19.404350243806938,-0.1940435024380694,0.0
204,37.301368577378284,37.301368577378284,0.37301368577378285,0.0
205,-22.279336760780296,-22.279336760780296,-0.22279336760780297,0.0
206,37.17766730823195,37.17766730823195,0.37177667308231954,0.0
207,37.196597913112775,37.196597913112775,0.3719659791311278,0.0
208,-277.2670910185577,-277.2670910185577,-2.7726709101855773,0.0
209,-248.28673401586644,-248.28673401586644,-2.4828673401586645,0.0
210,37.40764430776232,37.40764430776232,0.37407644307762317,0.0
211,37.39491575635844,37.39491575635844,0.3739491575635844,0.0
212,-25.956342901642067,-25.956342901642063,-0.25956342901642065,3.552713678800501e-15
213,-7.989196203591568,-7.989196203591568,-0.07989196203591568,0.0
214,-7.991064858465094,-7.991064858465093,-0.07991064858465094,8.881784197001252e-16
215,-28.89009896643904,-28.89009896643904,-0.28890098966439043,0.0
216,37.305422637337784,37.305422637337784,0.3730542263733779,0.0
217,-4.290719828975249,-4.290719828975249,-0.042907198289752486,0.0
218,-126.27114121012283,-126.27114121012283,-1.2627114121012284,0.0
219,-81.95551229351221,-81.95551229351221,-0.8195551229351221,0.0
220,-235.90095874396383,-235.90095874396383,-2.359009587439638,0.0
221,-78.9152168880392,-78.9152168880392,-0.789152168880392,0.0
222,-237.78989962265558,-237.78989962265558,-2.377898996226556,0.0
223,-238.7835530704527,-238.78355307045274,-2.3878355307045274,-2.842170943040401e-14
224,0.5206990209620344,0.5206990209620344,0.0052069902096203435,0.0
225,-69.52805734260986,-69.52805734260986,-0.6952805734260986,0.0
226,-143.30749435911764,-143.30749435911764,-1.4330749435911765,0.0
227,-54.3805270330399,-54.38052703303989,-0.5438052703303989,7.105427357601002e-15
228,-64.96524700915418,-64.96524700915418,-0.6496524700915418,0.0
229,-65.95196354683662,-65.95196354683662,-0.6595196354683662,0.0
230,-101.61826576518811,-101.61826576518811,-1.016182657651881,0.0
231,37.40017847086939,37.40017847086939,0.37400178470869394,0.0
232,-75.15067258666932,-75.15067258666932,-0.7515067258666932,0.0
233,-76.07791729981267,-76.07791729981267,-0.7607791729981267,0.0
234,-797.6889775245874,-797.6889775245874,-7.976889775245874,0.0
235,-675.6601618988137,-675.6601618988137,-6.756601618988137,0.0
236,37.403774120860554,37.403774120860554,0.37403774120860556,0.0
237,-89.32107087393621,-89.32107087393621,-0.8932107087393621,0.0
238,37.386887613109685,37.386887613109685,0.37386887613109687,0.0
239,21.159187246794783,21.159187246794783,0.21159187246794783,0.0
240,-14.610570405290666,-14.610570405290666,-0.14610570405290665,0.0
241,-22.183134548204713,-22.183134548204713,-0.22183134548204714,0.0
242,37.33420161550984,37.33420161550984,0.37334201615509843,0.0
243,1.4380153735679215,1.4380153735679215,0.014380153735679215,0.0
244,-160.2530212030485,-160.2530212030485,-1.602530212030485,0.0
245,-9.88359857831874,-9.88359857831874,-0.0988359857831874,0.0
246,37.39725968841486,37.39725968841486,0.37397259688414863,0.0
247,-160.3249272191625,-160.3249272191625,-1.6032492721916252,0.0
248,-61.89802378527771,-61.89802378527771,-0.6189802378527771,0.0
249,-58.205142574773575,-58.20514257477357,-0.5820514257477357,7.105427357601002e-15
250,37.40706092197558,37.40706092197558,0.37407060921975577,0.0
251,-69.46014772335903,-69.46014772335903,-0.6946014772335903,0.0
252,37.40110277714729,37.40110277714729,0.3740110277714729,0.0
253,-66.622426361793,-66.622426361793,-0.6662242636179301,0.0
254,6.1860859201238085,6.1860859201238085,0.061860859201238086,0.0
255,-17.538065141043333,-17.538065141043333,-0.17538065141043332,0.0
256,2.312697770696815,2.312697770696815,0.023126977706968147,0.0
257,-81.75824124989047,-81.75824124989047,-0.8175824124989047,0.0
258,-139.572310839823,-139.572310839823,-1.39572310839823,0.0
259,-110.33181328020308,-110.33181328020306,-1.1033181328020307,1.4210854715202004e-14
260,-33.52227277654865,-33.52227277654865,-0.33522272776548645,0.0
261,37.390300012258905,37.390300012258905,0.37390300012258904,0.0
262,-16.502905095997264,-16.502905095997264,-0.16502905095997264,0.0
263,-16.591102279780337,-16.591102279780337,-0.16591102279780337,0.0
264,-122.52969324486656,-122.52969324486658,-1.2252969324486658,-1.4210854715202004e-14
265,-8.936298733978077,-8.936298733978077,-0.08936298733978078,0.0
266,-81.83246299996657,-81.83246299996657,-0.8183246299996657,0.0
267,-62.9580081838798,-62.9580081838798,-0.629580081838798,0.0
268,-118.78172448067163,-118.78172448067163,-1.1878172448067164,0.0
269,-83.83012833985785,-83.83012833985785,-0.8383012833985786,0.0
270,23.220127553692087,23.220127553692087,0.23220127553692088,0.0
271,1.4664187063790948,1.4664187063790948,0.014664187063790949,0.0
272,37.304774809055324,37.304774809055324,0.37304774809055324,0.0
273,-77.03187051559237,-77.03187051559237,-0.7703187051559237,0.0
274,23.15242839644693,23.15242839644693,0.2315242839644693,0.0
275,37.3458682383932,37.3458682383932,0.37345868238393204,0.0
276,-22.263009543507394,-22.263009543507394,-0.22263009543507395,0.0
277,37.348528789198504,37.348528789198504,0.37348528789198504,0.0
278,-53.53831518222051,-53.53831518222051,-0.5353831518222051,0.0
279,37.077402992825355,37.077402992825355,0.37077402992825353,0.0
280,-73.24608375372561,-73.24608375372561,-0.7324608375372561,0.0
281,-70.40357241341977,-70.40357241341977,-0.7040357241341977,0.0
282,-525.3060412954368,-525.3060412954368,-5.253060412954368,0.0
283,-13.66806036173734,-13.668060361737338,-0.1366806036173734,1.7763568394002505e-15
284,-18.39255633597866,-18.39255633597866,-0.1839255633597866,0.0
285,-519.6128737452688,-519.6128737452688,-5.196128737452688,0.0
286,37.39985922972598,37.39985922972598,0.37399859229725985,0.0
287,-41.15440997305531,-41.15440997305531,-0.4115440997305531,0.0
288,-98.9062311496938,-98.9062311496938,-0.989062311496938,0.0
289,-22.24280406510568,-22.24280406510568,-0.2224280406510568,0.0
290,-112.01423020510887,-112.01423020510887,-1.1201423020510888,0.0
291,-19.339061525579595,-19.339061525579595,-0.19339061525579596,0.0
292,37.39043565820684,37.39043565820684,0.3739043565820684,0.0
293,-61.93879543407964,-61.93879543407964,-0.6193879543407964,0.0
294,-122.51319388339175,-122.51319388339175,-1.2251319388339175,0.0
295,-237.8669517866536,-237.86695178665363,-2.3786695178665362,-2.842170943040401e-14
296,-127.21348741435426,-127.21348741435425,-1.2721348741435425,1.4210854715202004e-14
297,-80.81848371358905,-80.81848371358905,-0.8081848371358905,0.0
298,-19.34350653617672,-19.34350653617672,-0.1934350653617672,0.0
299,37.39987251047511,37.39987251047511,0.37399872510475113,0.0
300,37.4022199948533,37.4022199948533,0.374022199948533,0.0
301,-31.630895055947782,-31.630895055947782,-0.31630895055947783,0.0
302,37.40071188016235,37.40071188016235,0.37400711880162346,0.0
303,37.39853657392645,37.39853657392645,0.3739853657392645,0.0
304,37.40339117272618,37.40339117272618,0.3740339117272618,0.0
305,-31.634809719860243,-31.634809719860247,-0.31634809719860246,-3.552713678800501e-15
306,-66.86368297742658,-66.86368297742658,-0.6686368297742658,0.0
307,-20.5119863598866,-20.5119863598866,-0.205119863598866,0.0
308,-19.562377685177708,-19.562377685177708,-0.1956237768517771,0.0
309,37.07725616274329,37.07725616274329,0.3707725616274329,0.0
310,37.40800132544866,37.40800132544866,0.3740800132544866,0.0
311,37.405650956395306,37.405650956395306,0.3740565095639531,0.0
312,-90.2637870006168,-90.2637870006168,-0.902637870006168,0.0
313,-51.521937810612876,-51.52193781061287,-0.5152193781061287,7.105427357601002e-15
314,-189.62502942067184,-189.62502942067184,-1.8962502942067183,0.0
315,-507.3417773495644,-507.3417773495643,-5.073417773495644,5.684341886080802e-14
316,-486.5967320634705,-486.5967320634705,-4.865967320634705,0.0
317,37.33309443469961,37.33309443469961,0.3733309443469961,0.0
318,-12.876882870623,-12.876882870623,-0.12876882870623,0.0
319,37.28159208483858,37.28159208483858,0.3728159208483858,0.0
320,37.4028991639914,37.4028991639914,0.374028991639914,0.0
321,37.382446499799876,37.382446499799876,0.37382446499799876,0.0
322,-13.665896126151637,-13.665896126151635,-0.13665896126151636,1.7763568394002505e-15
323,-141.39001203174251,-141.39001203174251,-1.413900120317425,0.0
324,-18.46598470680633,-18.46598470680633,-0.18465984706806332,0.0
325,-27.90220707294762,-27.902207072947622,-0.2790220707294762,-3.552713678800501e-15
326,-13.73017950154481,-13.730179501544812,-0.13730179501544812,-1.7763568394002505e-15
327,-20.287219712333034,-20.287219712333034,-0.20287219712333035,0.0
328,-46.05346844918687,-46.05346844918687,-0.46053468449186874,0.0
329,16.321550811518637,16.321550811518637,0.16321550811518637,0.0
330,37.39263724373534,37.39263724373534,0.3739263724373534,0.0
331,37.398636566626976,37.398636566626976,0.37398636566626975,0.0
332,37.396567770120825,37.396567770120825,0.37396567770120825,0.0
333,37.371769065970156,37.371769065970156,0.37371769065970156,0.0
334,37.311555298612575,37.311555298612575,0.37311555298612575,0.0
335,-67.63531981303538,-67.63531981303538,-0.6763531981303538,0.0
336,13.610976559244051,13.610976559244051,0.1361097655924405,0.0
337,15.429868392636074,15.429868392636072,0.15429868392636073,-1.7763568394002505e-15
338,37.27292430866035,37.27292430866035,0.3727292430866035,0.0
339,-113.17073353604249,-113.1707335360425,-1.131707335360425,-1.4210854715202004e-14
340,-18.395305439443774,-18.395305439443774,-0.18395305439443774,0.0
341,37.40462108365386,37.40462108365386,0.3740462108365386,0.0
342,37.404424608115136,37.404424608115136,0.3740442460811514,0.0
343,-69.48685810285309,-69.48685810285309,-0.6948685810285309,0.0
344,-17.482126740386178,-17.482126740386178,-0.17482126740386178,0.0
345,-73.24680702784823,-73.24680702784823,-0.7324680702784824,0.0
346,37.37990490329428,37.37990490329428,0.3737990490329428,0.0
347,-60.07783634776606,-60.07783634776605,-0.6007783634776606,7.105427357601002e-15
348,-73.34109434855381,-73.34109434855381,-0.7334109434855381,0.0
349,-56.43199225248913,-56.431992252489124,-0.5643199225248913,7.105427357601002e-15
350,37.397615625483375,37.397615625483375,0.37397615625483377,0.0
351,37.396521002804434,37.396521002804434,0.37396521002804434,0.0
352,37.38864914873129,37.38864914873129,0.3738864914873129,0.0
353,-116.81036692958644,-116.81036692958644,-1.1681036692958644,0.0
354,37.403701247194654,37.403701247194654,0.37403701247194654,0.0
355,-12.776775381049383,-12.776775381049381,-0.12776775381049382,1.7763568394002505e-15
356,37.34574941457748,37.34574941457748,0.37345749414577484,0.0
357,37.39668399937119,37.39668399937119,0.37396683999371194,0.0
358,-2.493864668359322,-2.493864668359322,-0.02493864668359322,0.0
359,-27.215300886039586,-27.215300886039582,-0.27215300886039584,3.552713678800501e-15
360,37.40234261246164,37.40234261246164,0.37402342612461636,0.0
361,-79.95163124227452,-79.95163124227452,-0.7995163124227451,0.0
362,-188.6698235090868,-188.6698235090868,-1.886698235090868,0.0
363,-486.56883318412355,-486.56883318412355,-4.865688331841236,0.0
364,37.30852872799442,37.30852872799442,0.3730852872799442,0.0
365,-251.16311913848452,-251.16311913848452,-2.5116311913848453,0.0
366,37.29046265628863,37.29046265628863,0.3729046265628863,0.0
367,-84.62108876423773,-84.62108876423773,-0.8462108876423773,0.0
368,-485.71434097141787,-485.71434097141787,-4.857143409714179,0.0
369,-13.832688290305057,-13.83268829030506,-0.1383268829030506,-1.7763568394002505e-15
370,-127.1915558305632,-127.1915558305632,-1.271915558305632,0.0
371,-15.621439159974322,-15.621439159974324,-0.15621439159974324,-1.7763568394002505e-15
372,-21.295753642181488,-21.295753642181488,-0.2129575364218149,0.0
373,-16.57243456934909,-16.57243456934909,-0.16572434569349093,0.0
374,-241.63928555634612,-241.63928555634615,-2.4163928555634615,-2.842170943040401e-14
375,-74.57069843923605,-74.57069843923605,-0.7457069843923606,0.0
376,-1478.9086784494234,-1478.9086784494234,-14.789086784494234,0.0
377,-1488.4518614516633,-1488.4518614516633,-14.884518614516633,0.0
378,-48.249981287430295,-48.249981287430295,-0.48249981287430294,0.0
379,-226.05137322501434,-226.05137322501434,-2.2605137322501436,0.0
380,-33.52051520936159,-33.52051520936159,-0.3352051520936159,0.0
381,17.865404398060377,17.865404398060377,0.17865404398060378,0.0
382,-12.781660210337748,-12.781660210337748,-0.12781660210337747,0.0
383,-12.722451240535008,-12.72245124053501,-0.1272245124053501,-1.7763568394002505e-15
384,-12.802603173062273,-12.802603173062273,-0.12802603173062274,0.0
385,-423.2855160729842,-423.28551607298414,-4.232855160729842,5.684341886080802e-14
386,-426.032577704812,-426.032577704812,-4.26032577704812,0.0
387,37.3353452317891,37.3353452317891,0.37335345231789097,0.0
388,37.269730325402,37.269730325402,0.37269730325402,0.0
389,37.310283345792236,37.310283345792236,0.3731028334579224,0.0
390,-264.5933854838456,-264.5933854838456,-2.6459338548384563,0.0
391,-101.61165783787786,-101.61165783787787,-1.0161165783787787,-1.4210854715202004e-14
392,37.365004134382445,37.365004134382445,0.37365004134382446,0.0
393,-58.11049651732599,-58.11049651732599,-0.5811049651732599,0.0
394,-16.51616913632901,-16.51616913632901,-0.16516169136329012,0.0
395,-42.09185887400703,-42.09185887400703,-0.4209185887400703,0.0
396,-47.711091369928944,-47.711091369928944,-0.47711091369928943,0.0
397,-52.44960223072085,-52.44960223072085,-0.5244960223072085,0.0
398,-36.36369173202436,-36.36369173202436,-0.36363691732024356,0.0
399,13.194776221728464,13.194776221728462,0.13194776221728463,-1.7763568394002505e-15
400,37.40458806336538,37.40458806336538,0.3740458806336538,0.0
401,22.27451979087593,22.27451979087593,0.22274519790875932,0.0
402,-321.96599483772934,-321.96599483772934,-3.2196599483772936,0.0
403,-46.79898967185683,-46.79898967185683,-0.46798989671856833,0.0
404,22.264169455575576,22.264169455575576,0.22264169455575578,0.0
405,-20.285532174839823,-20.285532174839823,-0.20285532174839824,0.0
406,-295.5380675632584,-295.5380675632584,-2.955380675632584,0.0
407,-29.74378394381491,-29.74378394381491,-0.2974378394381491,0.0
408,-16.505497311214498,-16.505497311214498,-0.16505497311214498,0.0
409,24.154672446443293,24.154672446443293,0.24154672446443293,0.0
410,-457.21485345701205,-457.2148534570121,-4.572148534570121,-5.684341886080802e-14
411,-130.93690758419774,-130.93690758419774,-1.3093690758419774,0.0
412,-214.21076208565273,-214.21076208565273,-2.1421076208565273,0.0
413,-234.04534259190683,-234.04534259190686,-2.3404534259190686,-2.842170943040401e-14
414,-76.08958235808569,-76.08958235808569,-0.760895823580857,0.0
415,-544.3496339225894,-544.3496339225894,-5.443496339225894,0.0
416,-243.49188552891763,-243.49188552891763,-2.4349188552891765,0.0
417,-133.91196861306761,-133.91196861306761,-1.3391196861306762,0.0
418,-229.5633866166267,-229.5633866166267,-2.295633866166267,0.0
419,-249.32501607086186,-249.32501607086186,-2.4932501607086186,0.0
420,-203.7503522695975,-203.7503522695975,-2.037503522695975,0.0
421,37.40103314305698,37.40103314305698,0.3740103314305698,0.0
422,-129.98381008588387,-129.98381008588387,-1.2998381008588387,0.0
423,-161.19074176338626,-161.19074176338626,-1.6119074176338626,0.0
424,-333.3097499340577,-333.3097499340577,-3.3330974993405773,0.0
425,-192.4003572724759,-192.4003572724759,-1.924003572724759,0.0
426,-408.02390495785977,-408.02390495785977,-4.080239049578598,0.0
427,37.399985033254566,37.399985033254566,0.3739998503325457,0.0
428,-19.454898144431347,-19.454898144431347,-0.19454898144431348,0.0
429,-56.18299205390701,-56.18299205390701,-0.5618299205390701,0.0
430,4.299303247633674,4.299303247633674,0.042993032476336734,0.0
431,4.287530956997777,4.287530956997777,0.042875309569977774,0.0
432,-24.063834063585624,-24.063834063585624,-0.24063834063585623,0.0
433,-24.063954220867785,-24.063954220867785,-0.24063954220867786,0.0
434,-129.98446620538255,-129.98446620538255,-1.2998446620538255,0.0
435,37.404573598355796,37.404573598355796,0.37404573598355795,0.0
436,-19.3458064550859,-19.3458064550859,-0.193458064550859,0.0
437,-24.0667525371014,-24.0667525371014,-0.24066752537101402,0.0
438,37.33854221184297,37.33854221184297,0.37338542211842973,0.0
439,-11.87428754671133,-11.87428754671133,-0.11874287546711329,0.0
440,-16.499456044899915,-16.499456044899915,-0.16499456044899916,0.0
441,37.40529735034801,37.40529735034801,0.3740529735034801,0.0
442,-42.97745974235825,-42.97745974235825,-0.4297745974235825,0.0
443,-245.3592703308623,-245.35927033086227,-2.453592703308623,2.842170943040401e-14
444,-216.04520376076198,-216.04520376076198,-2.16045203760762,0.0
445,-298.33567527552384,-298.33567527552384,-2.9833567527552383,0.0
446,-7.048017558922702,-7.048017558922702,-0.07048017558922702,0.0
447,-13.704009156034651,-13.704009156034651,-0.13704009156034652,0.0
448,-14.655348742718239,-14.655348742718237,-0.14655348742718238,1.7763568394002505e-15
449,37.22672561751778,37.22672561751778,0.3722672561751778,0.0
450,-55.28246765834165,-55.28246765834165,-0.5528246765834165,0.0
451,37.39927924921136,37.39927924921136,0.3739927924921136,0.0
452,-975.4664176482748,-975.4664176482748,-9.754664176482748,0.0
453,3.3576849552583923,3.3576849552583923,0.03357684955258392,0.0
454,-26.076863830966452,-26.076863830966452,-0.2607686383096645,0.0
455,-988.7334202907706,-988.7334202907706,-9.887334202907706,0.0
456,-74.24431704178431,-74.24431704178431,-0.7424431704178431,0.0
457,37.370280457175205,37.370280457175205,0.3737028045717521,0.0
458,-242.55393708837101,-242.55393708837101,-2.42553937088371,0.0
459,-24.276431662512543,-24.276431662512543,-0.24276431662512543,0.0
460,-66.61958450026734,-66.61958450026734,-0.6661958450026734,0.0
461,37.381044871006665,37.381044871006665,0.37381044871006663,0.0
462,37.396312584499135,37.396312584499135,0.37396312584499136,0.0
463,-71.40343567006391,-71.40343567006391,-0.7140343567006392,0.0
464,-171.6516443048617,-171.6516443048617,-1.7165164430486168,0.0
465,-113.07674053788746,-113.07674053788745,-1.1307674053788745,1.4210854715202004e-14
466,-296.545243366767,-296.545243366767,-2.96545243366767,0.0
467,-117.84743229735538,-117.8474322973554,-1.178474322973554,-1.4210854715202004e-14
468,-288.1729074338279,-288.1729074338279,-2.881729074338279,0.0
469,-53.69332310749817,-53.693323107498166,-0.5369332310749817,7.105427357601002e-15
470,-137.5479771459,-137.5479771459,-1.3754797714590001,0.0
471,-35.4123310286187,-35.4123310286187,-0.35412331028618704,0.0
472,37.387360099285374,37.387360099285374,0.37387360099285377,0.0
473,-210.3716944070382,-210.3716944070382,-2.1037169440703822,0.0
474,37.401957673740604,37.401957673740604,0.37401957673740605,0.0
475,-551.8671167083324,-551.8671167083324,-5.518671167083324,0.0
476,-145.28018876714086,-145.28018876714086,-1.4528018876714086,0.0
477,-554.6862849631784,-554.6862849631784,-5.546862849631784,0.0
478,37.242039258607285,37.242039258607285,0.37242039258607285,0.0
479,-21.436147639310526,-21.436147639310526,-0.21436147639310527,0.0
480,37.404066949279596,37.404066949279596,0.37404066949279596,0.0
481,37.40734282429056,37.40734282429056,0.3740734282429056,0.0
482,37.40497114607759,37.40497114607759,0.3740497114607759,0.0
483,3.3590108027212437,3.359010802721244,0.03359010802721244,4.440892098500626e-16
484,-56.221471989622856,-56.22147198962286,-0.5622147198962286,-7.105427357601002e-15
485,-22.187484645745336,-22.187484645745336,-0.22187484645745337,0.0
