time/total_timesteps,rollout/ep_len_mean,time/fps,time/time_elapsed,time/iterations,rollout/ep_rew_mean,train/std,train/clip_fraction,train/entropy_loss,train/explained_variance,train/approx_kl,train/loss,train/clip_range,train/n_updates,train/value_loss,train/policy_gradient_loss,train/learning_rate
2560,157.33333333333334,202,12,1,-1.2735385222655158,,,,,,,,,,,
5120,180.6,210,12,1,-1.1090905507701918,0.05001496151089668,0.2978515625,3.1532881259918213,0.13434553146362305,0.039681308,0.1884688138961792,0.2,1,0.1792965680360794,0.03145678015425801,0.0003
7680,191.8,115,22,1,-0.6939061492733349,0.05018731206655502,0.20331794569889705,3.149827782313029,0.8430805802345276,0.014815037,0.030101574957370758,0.2,11,0.05443814406171441,-0.010313175820435087,0.0003
10240,203.48275862068965,169,15,1,-1.0016048883664979,0.05039674788713455,0.18194940574467183,3.1419870328903197,0.49133843183517456,0.013902041,-0.013541363179683685,0.2,21,0.031531950924545527,-0.01065389103256166,0.0003
12800,205.05128205128204,175,14,1,-1.0091633192937812,0.050380200147628784,0.21357253566384315,3.1383527417977652,0.7427346706390381,0.034480542,0.04618949815630913,0.2,29,0.02059831020111839,-0.010598839328546697,0.0003
15360,203.8372093023256,186,13,1,-1.0533966218535047,0.050456851720809937,0.17454977259039878,3.1369427382946014,0.7161750793457031,0.015012126,0.03897898644208908,0.2,39,0.029509272100403904,-0.012495156436125398,0.0003
17920,207.58,154,16,1,-1.0284127990638825,0.05054999887943268,0.1594731812365353,3.133265030384064,0.82616126537323,0.0138124395,0.01424623467028141,0.2,49,0.03556834473274648,-0.016230785177322106,0.0003
20480,209.75,246,10,1,-0.8688493343799178,0.05082090571522713,0.2062735227867961,3.127209949493408,0.8699132800102234,0.016510123,0.017612574622035027,0.2,59,0.010892392264213412,-0.015231526875868439,0.0003
23040,205.3,155,16,1,-0.7972115715183486,0.05088365077972412,0.19101831515630086,3.118763009707133,0.9077622890472412,0.018034244,-0.0018061024602502584,0.2,69,0.009172188428541025,-0.017336617254962525,0.0003
25600,206.5875,227,11,1,-0.8475683212775756,0.05095218867063522,0.2228262872993946,3.1178297185897828,0.8202515244483948,0.02950125,0.025763466954231262,0.2,79,0.029013187941163778,-0.011754527250304818,0.0003
28160,205.92045454545453,158,16,1,-0.821459883645693,0.05113782733678818,0.1820323326314489,3.112679855028788,0.889413058757782,0.02156996,0.015018750913441181,0.2,89,0.014186646416783332,-0.017087078009111186,0.0003
30720,205.5408163265306,155,16,1,-0.7840471808716152,0.05090370029211044,0.17213534568436445,3.1120083808898924,0.8534818291664124,0.017014245,0.026214618235826492,0.2,99,0.019723804062232377,-0.010794554368476383,0.0003
33280,206.81,159,16,1,-0.7578831882352633,0.050960391759872437,0.2188548520207405,3.117447054386139,0.852947473526001,0.029503353,0.031610019505023956,0.2,109,0.014414039812982083,-0.005987490643747151,0.0003
35840,214.83,239,10,1,-0.722710197172173,0.05125683918595314,0.18073090329766273,3.1097447538375853,0.8119931817054749,0.014820424,0.01699436642229557,0.2,119,0.012974513713270425,-0.008008052916266025,0.0003
38400,221.09,132,19,1,-0.7323163793959272,0.05127175897359848,0.1702996009029448,3.103379964828491,0.7776780128479004,0.019097649,0.009866342879831791,0.2,129,0.008253215416334569,-0.01514612019618653,0.0003
40960,219.55,90,28,1,-0.7431131612240535,0.05150827020406723,0.16089409763614337,3.0990317742029827,0.8735378384590149,0.01815983,0.006607642397284508,0.2,139,0.019472843781113625,-0.010454437408285836,0.0003
43520,217.13,226,11,1,-0.6776922719563152,0.05152539163827896,0.1665206978097558,3.0933557510375977,0.8371672630310059,0.014906519,0.012410664930939674,0.2,149,0.0294605509378016,-0.01331895752955461,0.0003
46080,219.23,245,10,1,-0.6723223287324609,0.05168992280960083,0.17175520807504654,3.091203010082245,0.7913769483566284,0.0199062,0.015478743240237236,0.2,159,0.00702511704294011,-0.01913672322407365,0.0003
48640,222.18,127,20,1,-0.6739348999929762,0.051832228899002075,0.21907952874898912,3.0839494943618773,0.7424283027648926,0.029457714,-0.0003866981714963913,0.2,169,0.00666248828638345,-0.01794774665904697,0.0003
51200,226.5,161,15,1,-0.646435941480511,0.052074696868658066,0.1977721132338047,3.077098101377487,0.8378888964653015,0.024868436,0.018800582736730576,0.2,179,0.012521568150259555,-0.01466465286212042,0.0003
53760,229.23,178,14,1,-0.6792996485786965,0.052101604640483856,0.20480313301086425,3.071258282661438,0.8799849152565002,0.01552336,0.030008435249328613,0.2,189,0.014831762931620081,-0.007274767182146509,0.0003
56320,227.36,201,12,1,-0.7179618270877289,0.052216991782188416,0.17894394186635812,3.0694711049397787,0.8488309979438782,0.018784577,0.009907878935337067,0.2,199,0.03306906254341205,-0.016891061677597463,0.0003
58880,229.83,172,14,1,-0.7318174952541486,0.05224110931158066,0.22400961816310883,3.065535306930542,0.80265212059021,0.023736991,0.011464006267488003,0.2,209,0.01879235196392983,-0.017239777943177614,0.0003
61440,227.65,188,13,1,-0.7020007761387745,0.05249609798192978,0.20493747480213642,3.0616415619850157,0.7987330555915833,0.018505335,0.005339954514056444,0.2,219,0.014950371894519776,-0.012669031953555532,0.0003
64000,225.75,200,12,1,-0.6136522556215726,0.052612967789173126,0.18703055419027806,3.053954374790192,0.8406599164009094,0.016809331,0.012165749445557594,0.2,229,0.015826192498207093,-0.01037118110107258,0.0003
66560,225.43,186,13,1,-0.6855239537742831,0.05264434963464737,0.1921104345470667,3.0505416989326477,0.8212188482284546,0.013635525,0.0028285931330174208,0.2,239,0.010138568526599556,-0.015465213203424356,0.0003
69120,227.47,361,7,1,-1.070352004220974,0.05257895588874817,0.1480737659148872,3.052354109287262,0.7902005314826965,0.014378991,0.04568701609969139,0.2,249,0.12862158147618175,-0.016635864763520657,0.0003
71680,212.56,286,8,1,-1.1560359877879773,0.052401281893253326,0.19524257288624844,3.05597501595815,0.8337696194648743,0.02973023,0.008620688691735268,0.2,259,0.07894474609444539,-0.012136170242835457,0.0003
74240,212.86,257,9,1,-1.1354196664338885,0.05242941901087761,0.21399270173381357,3.0603073554880478,0.6674863696098328,0.04784466,0.046896856278181076,0.2,268,0.04050682561800761,-0.00973749372026171,0.0003
76800,206.73,252,10,1,-1.112499717738266,0.052557989954948425,0.2008317244052887,3.0559898233413696,0.7331862449645996,0.018695535,0.01712644100189209,0.2,278,0.025440336670726538,-0.010561128188855946,0.0003
79360,197.15,252,10,1,-1.1248267749374226,0.052676595747470856,0.19682175107300282,3.0512066066265104,0.8062756061553955,0.017956253,0.007977302186191082,0.2,288,0.02086774364579469,-0.01578349117189646,0.0003
81920,195.23,275,9,1,-1.0093484680322686,0.052458256483078,0.21238620817661286,3.0526702928543092,0.8212999105453491,0.027614865,0.00033054081723093987,0.2,298,0.016020607613027097,-0.017743827718077226,0.0003
84480,197.4,282,9,1,-1.0286707990695292,0.05256186053156853,0.23626249134540558,3.0566648483276366,0.8242540955543518,0.014219385,0.024857113137841225,0.2,308,0.02398066218011081,-0.003264422070060391,0.0003
87040,199.37,299,8,1,-1.0729562557296226,0.05241742730140686,0.15879466614375512,3.0551230271657306,0.8266369104385376,0.017305477,0.00931188277900219,0.2,318,0.021137642053266365,-0.01803527045218895,0.0003
89600,201.0,268,9,1,-1.0479386886303108,0.052312638610601425,0.15626550134685305,3.0615247090657554,0.8924760818481445,0.035221025,0.04658466577529907,0.2,323,0.01688840938732028,-0.0034689903744341186,0.0003
92160,200.33,263,9,1,-1.0671175675998712,0.052298277616500854,0.21396155916154386,3.0637056648731233,0.8216685056686401,0.02070291,0.008713613264262676,0.2,333,0.01868564763572067,-0.01642798907123506,0.0003
94720,203.53,398,6,1,-1.0520317551988188,0.052229803055524826,0.22526311464607715,3.0651144862174986,0.8252661824226379,0.0151381865,0.002493472071364522,0.2,343,0.008101881830953062,-0.010232441662810742,0.0003
97280,200.52,153,16,1,-0.5806246693280938,0.05227899178862572,0.24181360229849816,3.0658023595809936,0.9677737355232239,0.0321105,0.0033660875633358955,0.2,353,0.0023485907004214823,-0.013585204634784954,0.0003
99840,201.83,158,16,1,-0.5140724760341925,0.05200259014964104,0.22179822117090225,3.068008975982666,0.8509674668312073,0.030000377,0.01971832662820816,0.2,363,0.010158938430249691,-0.009720652772812173,0.0003
102400,201.0,154,16,1,-0.6365292238473013,0.05200807750225067,0.22894531227648257,3.076102155447006,0.8404171466827393,0.021327076,0.025711476802825928,0.2,373,0.01983178798109293,-0.007024826627457514,0.0003
104960,202.59,129,19,1,-0.6247046245438215,0.052119180560112,0.20482149869203567,3.072592814763387,0.7919705510139465,0.02204858,0.013424314558506012,0.2,383,0.0358664863742888,-0.012267856346443295,0.0003
107520,205.55,175,14,1,-0.6339990378534628,0.05214633047580719,0.2166472490876913,3.069985604286194,0.8538321852684021,0.02301294,0.013972954824566841,0.2,393,0.02194083996582776,-0.013760638417443261,0.0003
110080,207.41,274,9,1,-0.6766408089433972,0.052289895713329315,0.189081609249115,3.06761900583903,0.8845487833023071,0.023775252,0.016056016087532043,0.2,403,0.021976203781863053,-0.011861875304020941,0.0003
112640,210.7,150,16,1,-0.6415659176873875,0.05234057456254959,0.1865234375,3.063095490137736,0.8827447891235352,0.021742573,0.025500072166323662,0.2,405,0.0362702541363736,0.010379802125195662,0.0003
115200,210.63,107,23,1,-0.6781412102599066,0.0524945892393589,0.2646686412394047,3.058925676345825,0.870438814163208,0.03545589,0.038894958794116974,0.2,409,0.02160145160742104,0.003027746017323807,0.0003
117760,210.64,322,7,1,-0.7375408581705277,0.05259630084037781,0.21766552403569223,3.053879737854004,0.8486899137496948,0.020098617,0.0402676984667778,0.2,419,0.061129001714289186,-0.009854741755407303,0.0003
120320,210.22,131,19,1,-0.80766075451246,0.05260024219751358,0.18290258757770061,3.052285361289978,0.9531537890434265,0.020238591,0.008252514526247978,0.2,429,0.00794731331989169,-0.013583169638032988,0.0003
122880,209.75,119,21,1,-0.7845880193714106,0.05265970528125763,0.17605584008353098,3.0516157944997153,0.8748404383659363,0.047826074,0.044128403067588806,0.2,434,0.06282156244629905,-0.004714401582965539,0.0003
125440,212.11,210,12,1,-0.789744362237051,0.052813008427619934,0.2350852269679308,3.046787416934967,0.8703334927558899,0.029866058,0.019439272582530975,0.2,444,0.024864387908019127,-0.012303283295477741,0.0003
128000,216.07,155,16,1,-0.9774181137041377,0.05285249650478363,0.20095124290409414,3.043321219357577,0.9280277490615845,0.047645755,0.05785870552062988,0.2,452,0.03228770408102057,-0.0020082399000371383,0.0003
130560,224.83,253,10,1,-1.0607299848812815,0.05282425880432129,0.18985546322073787,3.043451464176178,0.8465113043785095,0.020962225,0.019839515909552574,0.2,462,0.04932777904905379,-0.011069604142539902,0.0003
133120,225.73,134,18,1,-1.0877957340386692,0.052662454545497894,0.18855975475162268,3.0463014990091324,0.9597707390785217,0.0374533,0.02375372312963009,0.2,470,0.0031992113072192296,-0.007055235299048945,0.0003
135680,227.22,166,15,1,-1.1108976852463606,0.052415888756513596,0.17829872025176882,3.05561586022377,0.904096245765686,0.018399686,0.006292828358709812,0.2,480,0.03352427440695464,-0.017761402495671062,0.0003
138240,227.28,185,13,1,-1.094259738997853,0.05242164060473442,0.22813140281609126,3.059269428253174,0.9350089430809021,0.04545299,0.04776943102478981,0.2,484,0.039752762232507975,0.0011089195696903126,0.0003
140800,231.02,374,6,1,-1.2489246742246303,0.05243631452322006,0.23228022530674935,3.058630871772766,0.8524020314216614,0.020371968,0.027104664593935013,0.2,494,0.06063060513697564,-0.008330081972962944,0.0003
143360,235.61,282,9,1,-1.2589242926845714,0.05238824337720871,0.18405663569768269,3.0591594060262044,0.9293338656425476,0.023070967,0.020147766917943954,0.2,504,0.02732907384634018,-0.01740887590373556,0.0003
145920,236.31,236,10,1,-1.2062689496106374,0.05242437869310379,0.22464923514053226,3.0598960280418397,0.8273253440856934,0.043921795,0.06385137885808945,0.2,514,0.03379592821002007,-0.013739922340027988,0.0003
148480,237.99,301,8,1,-1.1848227690015536,0.05273059755563736,0.19269643127918243,3.0531056404113768,0.9189430475234985,0.022750292,0.014932358637452126,0.2,524,0.016891936073079705,-0.01422817871789448,0.0003
151040,233.56,313,8,1,-1.1585445456245431,0.052761197090148926,0.21127089150249959,3.0461253484090167,0.9319496750831604,0.028697707,0.0028724479489028454,0.2,534,0.021502264433850844,-0.020588942461957534,0.0003
153600,230.6,242,10,1,-1.1692800330913133,0.0527544841170311,0.24552408885210752,3.0465941965579986,0.9346247911453247,0.02248073,0.021701008081436157,0.2,544,0.022492357715964317,-0.0116286673292052,0.0003
156160,228.5,282,9,1,-1.0172083611407798,0.052758969366550446,0.20513697797432542,3.04648397564888,0.9136158227920532,0.02716882,0.0010271815117448568,0.2,554,0.009142977849114687,-0.01746546655340353,0.0003
158720,230.07,247,10,1,-0.8756328011650011,0.052797093987464905,0.22381170154423327,3.0455594513867355,0.8570815324783325,0.04708779,0.01300672348588705,0.2,564,0.01279371716333805,-0.01495722687262035,0.0003
