time,east_km,north_km,goal_distance_km,heading_deg,cas_mps,target_east_km,target_north_km,target_distance_km,clearance_km,residual_heading,residual_speed,commanded_heading_turn_deg,commanded_speed_action,traffic_projection_intervened,static_projection_intervened,static_projection_infeasible,nominal_static_violation,nominal_traffic_conflict,no_static_feasible_candidate,no_jointly_feasible_candidate,predicted_minimum_separation_km,predicted_risk_seconds,reference_heading_turn_deg,nominal_heading_adjustment_deg,nominal_speed_action,reference_speed_action,nominal_speed_adjustment
0.0,-49.233123521999794,54.64698447620686,135.0052399901762,144.16532392874348,150.0,14.613042157354407,-53.02890640910716,125.18158950061944,3.0,-0.18626844882965088,0.5919668674468994,-45.0,-1.0,True,False,False,False,True,False,True,5.705709122370639,77.9887476921073,5.1689547300338745,-2.7940267883241177,1.0,1.0,0.0
10.0,-48.16203374614942,53.603796132294185,133.53647243681104,126.62299855071777,146.56989707733354,14.613042157354457,-53.028906409107115,123.73860919686162,3.0,-0.01994764804840088,0.5264778137207031,-45.0,-1.0,True,False,False,False,True,False,True,5.902940833298227,53.29157847265472,22.891519367694855,-0.29921382665634155,1.0,1.0,0.0
20.0,-46.85203443846127,52.94961663151895,132.2441830200989,108.65971568923003,143.13980504538085,14.61304215735447,-53.02890640910711,122.51286865795774,3.0,0.15654611587524414,0.44671809673309326,-45.0,1.0,True,False,False,False,True,False,True,6.429171140097836,35.83696852523518,41.227548122406006,2.3481908440589905,1.0,1.0,0.0
30.0,-45.37575327130499,52.72043098315199,131.20606840628832,91.01785808987202,146.56897723744098,14.613042157354478,-53.02890640910709,121.57951281315204,3.0,0.194832444190979,0.39386940002441406,-30.000000000000004,1.0,True,False,False,False,True,False,True,7.402654542995757,21.10159854268105,45.0,0.0,1.0,1.0,0.0
40.0,-43.86315654886367,52.944160865624035,130.52815806450278,73.77736155280203,149.99813854174232,14.613042157354492,-53.02890640910709,121.03617972632728,3.0,0.17007875442504883,0.34702348709106445,-15.000000000000002,1.0,True,False,False,False,True,False,True,8.895001431504259,8.076237226504054,45.0,0.0,1.0,1.0,0.0
50.0,-42.44838597732527,53.60660385310746,130.28255222682884,58.777361552802034,153.42728895831928,14.613042157354457,-53.02890640910712,120.9427080466288,3.0,0.05232131481170654,0.4284963607788086,45.0,1.0,False,False,False,False,False,False,False,10.87230050618693,0.0,45.0,0.0,1.0,1.0,0.0
60.0,-40.9662269088379,54.20233815223766,129.9630327342064,75.26780297690536,156.85642848720633,14.613042157354457,-53.02890640910711,120.77911640721312,3.0,0.11366927623748779,0.4662303924560547,45.0,1.0,False,False,False,False,False,False,False,12.808224206913602,0.0,45.0,0.0,1.0,1.0,0.0
70.0,-39.3396469098021,54.366252089671754,129.2218066919631,91.40729356721218,160.2855571284384,14.613042157354414,-53.028906409107144,120.1857426093258,3.0,0.1346120834350586,0.4176342487335205,45.0,1.0,False,False,False,False,False,False,False,14.346746118732348,0.0,45.0,0.0,1.0,1.0,0.0
80.0,-37.70086133392236,54.076111537625614,128.1060056093615,107.25878720458213,162.99999999999994,14.613042157354478,-53.0289064091071,119.19827753732251,3.0,0.0892951488494873,0.4714691638946533,45.0,1.0,False,False,False,False,False,False,False,15.460578546043488,0.0,45.0,0.0,1.0,1.0,0.0
90.0,-36.201543378264425,53.35399966120874,126.70689607966067,123.082038154339,162.99999999999994,14.61304215735447,-53.02890640910709,117.89590665974103,3.0,-0.024173319339752197,0.5284633636474609,31.02354258298874,1.0,False,False,False,False,False,False,False,15.01261277286277,0.0,31.386142373085022,-0.36259979009628296,1.0,1.0,0.0
100.0,-34.9583281889284,52.25486011325208,125.12453516637089,138.90528910409589,162.99999999999994,14.613042157354485,-53.028906409107094,116.37006595831667,3.0,-0.19457733631134033,0.5864064693450928,12.963313311338425,1.0,False,False,False,False,False,False,False,15.082046810984485,0.0,15.881973803043365,-2.918660491704941,1.0,1.0,0.0
110.0,-34.05461554315211,50.867405676654016,123.47301858192174,151.86860241543434,162.99999999999994,14.613042157354464,-53.02890640910712,114.73005086321348,3.0,-0.43414855003356934,0.6610432863235474,-3.4804092720150948,1.0,False,False,False,False,False,False,False,15.468590668113338,0.0,3.0318188667297363,-6.512228138744831,1.0,1.0,0.0
120.0,-33.18396908922034,49.45493408910884,121.81716475850486,148.38819314341924,162.99999999999994,14.613042157354421,-53.028906409107115,113.08179273149575,3.0,-0.5519474744796753,0.6507012844085693,-1.6710839420557022,1.0,False,False,False,False,False,False,False,15.684670599800219,0.0,6.608128175139427,-8.27921211719513,1.0,1.0,0.0
130.0,-32.26710935142237,48.071486018546395,120.16202435025376,146.71710920136354,162.99999999999994,14.61304215735445,-53.02890640910711,111.4407374101204,3.0,-0.5371789336204529,0.6397109031677246,0.34809886710718274,1.0,False,False,False,False,False,False,False,15.570485925370441,0.0,8.405782878398895,-8.057684011291713,1.0,1.0,0.0
140.0,-31.358794670163746,46.68268705256127,118.50663578926039,147.06520806847072,162.99999999999994,14.613042157354485,-53.0289064091071,109.79896015883295,3.0,-0.5383589267730713,0.6423254013061523,0.10743566206656396,1.0,False,False,False,False,False,False,False,15.482820570227961,0.0,8.182819560170174,-8.07538389810361,1.0,1.0,0.0
150.0,-30.453367660793905,45.292203587905604,116.85119446035375,147.1726437305373,162.99999999999994,14.613042157354474,-53.028906409107094,108.15739440714154,3.0,-0.5373297333717346,0.6430728435516357,0.1426092500332743,1.0,False,False,False,False,False,False,False,15.388069789298354,0.0,8.202555254101753,-8.059946004068479,1.0,1.0,0.0
160.0,-29.551692743058155,43.89949168589888,115.19567952670374,147.31525298057056,162.99999999999994,14.613042157354478,-53.02890640910711,106.51590569528894,3.0,-0.5083085298538208,0.63429856300354,0.5640743812546134,1.0,False,False,False,False,False,False,False,15.214939880517194,0.0,8.188702315092087,-7.624627933837473,1.0,1.0,0.0
170.0,-28.664149629836327,42.49805014697009,113.53989227976555,147.87932736182518,162.99999999999994,14.613042157354467,-53.02890640910711,104.87285043256884,3.0,-0.5089271664619446,0.6374762058258057,0.11450685560703278,1.0,False,False,False,False,False,False,False,15.109053905683185,0.0,7.7484143525362015,-7.633907496929169,1.0,1.0,0.0
180.0,-27.779686512566713,41.09485305384223,111.88407465162258,147.9938342174322,162.99999999999994,14.613042157354478,-53.02890640910711,103.22996434912056,3.0,-0.5066078305244446,0.6383407115936279,0.16055681160651147,1.0,False,False,False,False,False,False,False,14.995221374871706,0.0,7.7596742659807205,-7.599117454374209,1.0,1.0,0.0
190.0,-26.899444228457995,39.68920383482717,110.22821831328245,148.15439102903872,162.99999999999994,14.613042157354478,-53.02890640910711,101.58707837682219,3.0,-0.4888685941696167,0.6686625480651855,0.39318548049777746,1.0,False,False,False,False,False,False,False,14.837342753146238,0.0,7.726214379072189,-7.333028898574412,1.0,1.0,0.0
200.0,-26.029197439524346,38.27759628874589,108.57230401600007,148.5475765095365,162.99999999999994,14.613042157354464,-53.02890640910713,99.94332931398245,3.0,-0.4874446392059326,0.6703732013702393,0.1460094004869461,1.0,False,False,False,False,False,False,False,14.714278374125753,0.0,7.457678988575935,-7.311669588088989,1.0,1.0,0.0
210.0,-25.162828342098585,36.86379302981379,106.91638803203756,148.69358591002344,162.99999999999994,14.613042157354457,-53.02890640910711,98.29963014378757,3.0,-0.48457396030426025,0.6717164516448975,0.16929365694522858,1.0,False,False,False,False,False,False,False,14.585814074192562,0.0,7.437903061509132,-7.268609404563904,1.0,1.0,0.0
220.0,-24.300920432265915,35.447455400886106,105.2604815058347,148.86287956696867,162.99999999999994,14.61304215735446,-53.02890640910713,96.65590040736883,3.0,-0.48166435956954956,0.6732631921768188,0.17114483169279993,1.0,False,False,False,False,False,False,False,14.453921112023028,0.0,7.396110221743584,-7.224965390050784,1.0,1.0,0.0
230.0,-23.44352523070371,34.02856825826466,103.60459814410186,149.03402439866147,162.99999999999994,14.613042157354474,-53.02890640910709,95.01213720794775,3.0,-0.4787520170211792,0.6747913360595703,0.17248727730475366,1.0,False,False,False,False,False,False,False,14.318801379824391,0.0,7.353767529129982,-7.181280251825228,1.0,1.0,0.0
240.0,-22.590681713456576,32.60712441307407,101.94875268458608,149.20651167596623,162.99999999999994,14.613042157354478,-53.0289064091071,93.36833962769778,3.0,-0.5080268979072571,0.6488409042358398,-0.3089732746593654,1.0,False,False,False,False,False,False,False,14.263264368596097,0.0,7.31143020093441,-7.6204034755937755,1.0,1.0,0.0
250.0,-21.730381713496,31.190269456551594,100.29285484392717,148.89753840130686,162.99999999999994,14.61304215735445,-53.02890640910712,91.72629962092144,3.0,-0.5036022067070007,0.6482844352722168,0.20659670932218432,1.0,False,False,False,False,False,False,False,14.12763606520492,0.0,7.760629802942276,-7.554033093620092,1.0,1.0,0.0
260.0,-20.87547545408923,29.770341541401976,98.63698860553484,149.10413511062904,162.99999999999994,14.61304215735446,-53.02890640910711,90.0841292538682,3.0,-0.5015402436256409,0.6486095190048218,0.1723437791224569,1.0,False,False,False,False,False,False,False,13.991719308559464,0.0,7.69544743001461,-7.523103650892153,1.0,1.0,0.0
270.0,-20.025115838893957,28.347864274512137,96.98116537325122,149.2764788897515,162.99999999999994,14.613042157354474,-53.028906409107094,88.44196286982452,3.0,-0.499420166015625,0.6488676071166992,0.17510868608951569,1.0,False,False,False,False,False,False,False,13.852561273999054,0.0,7.666411176323891,-7.491302490234375,1.0,1.0,0.0
280.0,-19.179377486489628,26.922809938558615,95.32540193636379,149.45158757584102,162.99999999999994,14.613042157354478,-53.02890640910711,86.79979592328117,3.0,-0.497397780418396,0.6491197347640991,0.1755928248167038,1.0,False,False,False,False,False,False,False,13.710371157006492,0.0,7.636559531092644,-7.46096670627594,1.0,1.0,0.0
290.0,-18.338278149080473,25.495184774476954,93.66971569568597,149.62718040065772,162.99999999999994,14.613042157354457,-53.02890640910711,85.15763269458056,3.0,-0.4953616261482239,0.6494804620742798,0.17785392701625824,1.0,False,False,False,False,False,False,False,13.564913253120949,0.0,7.608278319239616,-7.430424392223358,1.0,1.0,0.0
300.0,-17.501880160110716,24.064969346571214,92.0141261952594,149.80503432767398,162.99999999999994,14.613042157354478,-53.02890640910711,83.51547110858436,3.0,-0.42640364170074463,0.5924205780029297,1.1838123947381973,1.0,False,False,False,False,False,False,False,13.253302299790176,0.0,7.579867020249367,-6.396054625511169,1.0,1.0,0.0
310.0,-16.695591798882216,22.617865204559646,90.35957506193881,150.98884672241218,162.99999999999994,14.61304215735447,-53.02890640910711,81.86980283215463,3.0,-0.43489521741867065,0.5978615283966064,0.004073381314810831,1.0,False,False,False,False,False,False,False,10.775132461564233,0.0,6.52750164270401,-6.523428261389199,1.0,1.0,0.0
320.0,-15.889643030591403,21.170704012534596,88.70506959671101,150.992920103727,162.99999999999994,14.613042157354455,-53.02890640910712,80.22465949069733,3.0,-0.3961440920829773,0.5768740177154541,-15.000000000000002,1.0,True,False,False,False,True,False,False,10.877102722051083,0.0,6.660027578473091,-5.942161409184337,1.0,1.0,0.0
330.0,-14.878232680178336,19.86406682481057,87.06415440483885,135.992920103727,162.99999999999994,14.613042157354467,-53.0289064091071,78.63282290763529,3.0,-0.19108206033706665,0.5394396781921387,-5.000000000000002,1.0,True,False,False,False,True,False,False,10.963575037269448,0.0,21.979650110006332,-2.8662313520908356,1.0,1.0,0.0
340.0,-13.635154371882798,18.766872347351985,85.48422786928685,130.992920103727,162.99999999999994,14.613042157354478,-53.028906409107115,77.15305861986832,3.0,-0.15350520610809326,0.5435148477554321,0.0,1.0,True,False,False,False,True,False,False,10.833359326352042,0.0,27.529820501804352,-2.3025771975517273,1.0,1.0,0.0
350.0,-12.381594784460185,17.68142546627716,83.91202439549618,130.992920103727,162.99999999999994,14.61304215735448,-53.02890640910711,75.68792147725665,3.0,-0.06014126539230347,0.5612666606903076,0.0,1.0,True,False,False,False,True,False,False,10.838015328900068,0.0,28.11203956604004,-0.9021180868148804,1.0,1.0,0.0
360.0,-11.128310278529565,16.595978585202335,82.34323912400228,130.992920103727,162.99999999999994,14.613042157354464,-53.02890640910711,74.2310031974458,3.0,0.022444844245910645,0.6024606227874756,0.0,1.0,True,False,False,False,True,False,False,10.84236012690928,0.0,28.71697962284088,0.3366735577583313,1.0,1.0,0.0
370.0,-9.875300696977384,15.510531704127512,80.7780710536452,130.992920103727,162.99999999999994,14.613042157354457,-53.02890640910711,72.78278307834364,3.0,0.029250383377075195,0.6042947769165039,0.0,1.0,True,False,False,False,True,False,False,10.84639361164725,0.0,29.34586375951767,0.43875575065612793,1.0,1.0,0.0
380.0,-8.622565882809337,14.425084823052687,79.21673443533541,130.992920103727,162.99999999999994,14.613042157354485,-53.02890640910711,71.34377628177819,3.0,0.035881876945495605,0.6061385869979858,0.0,1.0,True,False,False,False,True,False,False,10.850115664127808,0.0,29.999990165233612,0.5382281541824341,1.0,1.0,0.0
390.0,-7.3701056791502655,13.339637941977863,77.65946020606239,130.992920103727,162.99999999999994,14.61304215735448,-53.0289064091071,69.91453688671302,3.0,0.44912290573120117,0.6068863868713379,5.000000000000002,1.0,True,False,False,False,True,False,False,10.37012286018966,0.0,30.680742859840393,6.736842691898346,1.0,1.0,0.0
400.0,-6.2063441794141045,12.16078301958999,76.06652302652815,135.992920103727,162.99999999999994,14.613042157354466,-53.0289064091071,68.4334892815616,3.0,0.3808906078338623,0.5751011371612549,0.0,1.0,True,False,False,False,True,False,False,10.35308073762824,0.0,26.295352578163147,5.713360011577606,1.0,1.0,0.0
410.0,-5.054057053306984,10.97061120726401,74.47173537742906,135.992920103727,162.99999999999994,14.613042157354474,-53.02890640910711,66.95321535587516,3.0,0.3827856779098511,0.5754671096801758,0.0,-1.0,True,False,False,False,True,False,False,10.350731295933775,0.0,26.92484825849533,5.741786062717438,1.0,1.0,0.0
420.0,-3.922613504251348,9.801690375781288,72.9081801190407,135.992920103727,159.5698558018131,14.613042157354467,-53.02890640910712,65.5076669035835,3.0,0.37973833084106445,0.5744624137878418,5.000000000000002,1.0,True,False,False,False,True,False,False,10.281232779940138,0.0,27.570493519306183,5.696075856685638,1.0,1.0,0.0
430.0,-2.870656389183803,8.529735263564051,71.29268354453139,140.992920103727,162.9989758278047,14.613042157354464,-53.02890640910711,63.99332839797091,3.0,0.37576985359191895,0.6008419990539551,28.78818154335022,1.0,False,False,False,False,False,False,False,10.279270656606197,0.0,23.151634633541107,5.6365469098091125,1.0,1.0,0.0
440.0,-2.0370048112387282,7.1056008201777185,69.6439352865719,156.81617105348386,162.99999999999994,14.613042157354478,-53.02890640910711,62.396979283978716,3.0,0.22725236415863037,0.6409550905227661,11.116264387965202,1.0,False,False,False,False,False,False,False,10.736504616642055,0.0,7.707479149103165,3.4087852388620377,1.0,1.0,0.0
450.0,-1.5973289071561316,5.513286486530432,68.02853865356198,167.93243544144906,162.99999999999994,14.613042157354474,-53.02890640910711,60.745077817706,3.0,0.0969465970993042,0.6870670318603516,-1.9556809030473232,1.0,False,False,False,False,False,False,False,11.501749771515673,0.0,-3.4098799154162407,1.4541990123689175,1.0,1.0,0.0
460.0,-1.1970363085297906,3.9076127530074585,66.42164937937814,165.97675453840174,162.99999999999994,14.613042157354473,-53.02890640910711,59.09082666027999,3.0,0.08565783500671387,0.6828961372375488,-0.21074629621580243,1.0,False,False,False,False,False,False,False,12.639540133219127,0.0,-1.4956138283014297,1.2848675320856273,1.0,1.0,0.0
470.0,-0.7899192733211694,2.3036825911989234,64.81540995632123,165.76600824218593,162.99999999999994,14.61304215735444,-53.028906409107115,57.43645729248688,3.0,0.09103119373321533,0.6812193393707275,0.04382475191960111,1.0,False,False,False,False,False,False,False,12.326766320924566,0.0,-1.321643153205514,1.365467905125115,1.0,1.0,0.0
480.0,-0.38416089355628685,0.6994416898476283,63.21201761509818,165.80983299410553,162.99999999999994,14.613042157354476,-53.02890640910711,55.782178953431895,3.0,-0.03058725595474243,0.5629159212112427,-1.8646636605262756,1.0,False,False,False,False,False,False,False,10.441474050167415,0.0,-1.405854793265462,-0.4588088672608137,1.0,1.0,0.0
490.0,0.07266639282033416,-0.890974191466903,61.598445421437155,163.94516933357926,162.99999999999994,14.613042157354476,-53.0289064091071,54.12750228215871,3.0,0.027356505393981934,0.598117470741272,-10.000000000000004,1.0,True,False,False,False,True,False,False,11.188482081379847,0.0,0.47195533756166697,0.4103475948795676,1.0,1.0,0.0
500.0,0.728123753170116,-2.4077375578706643,59.953564082634564,153.94516933357926,162.99999999999994,14.613042157354469,-53.02890640910711,52.49089154278339,3.0,0.05218398571014404,0.6050992012023926,0.0,1.0,True,False,False,False,True,False,False,11.054104677245245,0.0,10.716366469860077,0.7827597856521606,1.0,1.0,0.0
510.0,1.4544621482554225,-3.894305060604959,58.30046741381332,153.94516933357926,162.99999999999994,14.613042157354446,-53.028906409107115,50.866071968770015,3.0,-0.044731974601745605,0.6575034856796265,0.0,1.0,True,False,False,False,True,False,False,11.051098513942874,0.0,11.062443181872368,-0.6709793955087662,1.0,1.0,0.0
520.0,2.1805837847964527,-5.380872563339254,56.64751871106385,153.94516933357926,162.99999999999994,14.613042157354474,-53.02890640910711,49.24328533468118,3.0,-0.09010457992553711,0.6934504508972168,0.0,1.0,True,False,False,False,True,False,False,11.04781814858206,0.0,11.43110141158104,-1.3515684753656387,1.0,1.0,0.0
530.0,2.906488831690552,-6.867440066073548,54.99473123990585,153.94516933357926,162.99999999999994,14.61304215735446,-53.028906409107115,47.62272950709181,3.0,0.002354741096496582,0.748429536819458,5.000000000000002,1.0,True,False,False,False,True,False,False,10.265717483798985,0.0,11.82461366057396,0.035320669412612915,1.0,1.0,0.0
540.0,3.514725876964715,-8.405630503761948,53.35572150335804,158.94516933357926,162.99999999999994,14.613042157354476,-53.02890640910711,45.98270736683653,3.0,-0.1477227807044983,0.7337857484817505,0.0,-1.0,True,False,False,False,True,False,True,10.259900124003,0.2781762865679399,7.088098078966141,-2.2158415988087654,1.0,1.0,0.0
550.0,4.097509907907923,-9.922313472906424,51.74906051095039,158.94516933357926,159.5698558018131,14.613042157354467,-53.02890640910711,44.37065215946749,3.0,-0.14362090826034546,0.7462012767791748,0.0,-1.0,True,False,False,False,True,False,False,10.270722227214922,0.0,7.345700785517693,-2.154313735663891,1.0,1.0,0.0
560.0,4.667579538014497,-11.40635311694487,50.17817439023078,158.94516933357926,156.13972249447147,14.61304215735445,-53.028906409107115,42.79426561201365,3.0,-0.14180827140808105,0.7640718221664429,0.0,-1.0,True,False,False,False,True,False,True,9.684399487148076,2.95026808704161,7.616316229104996,-2.1271241828799248,1.0,1.0,0.0
570.0,5.224945999240322,-12.857749238656691,48.643096073280915,158.94516933357926,152.70960007794022,14.613042157354464,-53.02890640910711,41.253584303512675,3.0,-0.04419887065887451,0.8059661388397217,0.0,-1.0,True,False,False,False,True,False,True,7.96569942637011,13.691044821387376,7.900755777955055,-0.6629830598831177,1.0,1.0,0.0
580.0,5.769620330890854,-14.276501823920691,47.14385894416942,158.94516933357926,149.2794885521849,14.613042157354464,-53.02890640910711,39.748647407613134,3.0,-0.20498275756835938,0.7275396585464478,5.000000000000002,-1.0,True,False,False,False,True,False,True,5.720047090350301,37.38659638730344,8.199882432818413,-3.0747412517666817,1.0,1.0,0.0
590.0,6.191044941591083,-15.700100220710452,45.706225398690925,163.94516933357926,145.84938791717107,14.613042157354467,-53.02890640910711,38.267085184962895,3.0,-0.1308673620223999,0.7530286312103271,45.0,-1.0,True,False,False,False,True,False,True,4.380429382319803,47.6570120938909,3.340827114880085,-1.9630104582756758,1.0,1.0,0.0
600.0,6.345678652886322,-17.1360619873215,44.40346532749611,181.99945641485652,142.41929817286444,14.613042157354467,-53.02890640910711,36.83267000913073,3.0,-0.319147527217865,0.7660974264144897,45.0,-1.0,True,False,False,False,True,False,True,6.633910418641302,42.20343898831594,-14.97042641043663,-4.787213355302811,1.0,1.0,0.0
610.0,6.0505570121200964,-18.513775093065497,43.40648547272293,200.49993467248464,138.98921931922933,14.613042157354444,-53.028906409107115,35.56136163908738,3.0,-0.3453185558319092,0.7638297080993652,45.0,1.0,True,False,False,False,True,False,True,9.170432660189578,35.74978891123222,-34.43254977464676,-5.179777443408966,1.0,1.0,0.0
620.0,5.323812896716152,-19.751152389036214,42.797220309082576,218.6534573945126,142.418404689565,14.613042157354467,-53.02890640910711,34.549944904110106,3.0,-0.31350278854370117,0.6948807239532471,34.99999999999999,1.0,True,False,False,False,True,False,False,10.28239732735119,0.0,-45.0,0.0,1.0,1.0,0.0
630.0,4.22744089308263,-20.727051957391623,42.661285084394656,236.38215387972298,145.84757917210024,14.613042157354464,-53.02890640910711,33.93037746091629,3.0,-0.09594875574111938,0.5483651161193848,24.999999999999993,1.0,True,False,False,False,True,False,False,11.17874429901388,0.0,-45.0,0.0,1.0,1.0,0.0
640.0,2.8581543918743013,-21.34075965414913,43.03052032547399,253.70555291685338,149.27674276686926,14.613042157354466,-53.02890640910711,33.798166091413734,3.0,-0.36774277687072754,0.4078599214553833,24.999999999999993,1.0,True,True,False,True,True,False,False,12.329184396698377,0.0,-45.0,0.0,1.0,1.0,0.0
650.0,1.3355163121111104,-21.52692869749864,43.87328377536929,270.6418652180716,152.7058954739064,14.613042157354451,-53.02890640910711,34.185776169538435,3.0,-0.16548025608062744,0.3613748550415039,14.999999999999996,1.0,True,True,False,True,True,False,False,12.622419864016523,0.0,-45.0,0.0,1.0,1.0,0.0
660.0,-0.21126625054122622,-21.263213352405273,45.102473578440424,285.6418652180716,156.13503729324682,14.61304215735447,-53.02890640910711,35.054520038719716,3.0,0.06648874282836914,0.327073335647583,9.999999999999995,1.0,True,True,False,True,False,False,False,12.68735396782744,0.0,-45.0,0.9973311424255371,1.0,1.0,0.0
670.0,-1.6888624636110687,-20.63099691751352,46.57383856893475,295.6418652180716,159.56416822492452,14.613042157354469,-53.02890640910711,36.2681214525449,3.0,0.11407995223999023,0.28829991817474365,5.000000000000002,1.0,True,True,False,True,False,False,False,12.799611087890337,0.0,-45.0,1.7111983895301819,1.0,1.0,0.0
680.0,-3.109888708925435,-19.80363576044359,48.156139462585976,300.6418652180716,162.99328826897474,14.61304215735447,-53.02890640910711,37.656618119101964,3.0,0.11362886428833008,0.2760920524597168,5.000000000000002,1.0,True,True,False,True,False,False,False,13.136020802209224,0.0,-45.0,1.7044338583946228,1.0,1.0,0.0
690.0,-4.4583775315821885,-18.85253534886992,49.78098813028843,305.6418652180716,162.99999999999994,14.613042157354469,-53.028906409107115,39.137493376538295,3.0,0.11637461185455322,0.2652851343154907,0.0,1.0,True,True,False,True,False,False,False,13.590567522480955,0.0,-45.0,1.7456191778182983,1.0,1.0,0.0
700.0,-5.798206746892137,-17.888295577395812,51.411010251729145,305.6418652180716,162.99999999999994,14.613042157354467,-53.02890640910711,40.638425307298675,3.0,0.07535719871520996,0.22985553741455078,5.000000000000002,1.0,True,True,False,True,False,False,False,14.099957380335209,0.0,-45.0,1.1303579807281494,1.0,1.0,0.0
710.0,-7.059488529266142,-16.82283064650011,53.05917293179422,310.6418652180716,162.99999999999994,14.613042157354476,-53.02890640910711,42.196901645620265,3.0,0.22214901447296143,0.07928788661956787,0.0,1.0,True,True,False,True,False,False,False,14.661906384683162,0.0,-45.0,3.3322343230247498,1.0,1.0,0.0
720.0,-8.311011673199381,-15.745056643934191,54.70948559400899,310.6418652180716,162.99999999999994,14.613042157354478,-53.0289064091071,43.767541595777516,3.0,0.18040478229522705,0.1208122968673706,5.000000000000002,1.0,True,True,False,True,False,False,False,14.976036303542866,0.0,-45.0,2.7060726284980774,1.0,1.0,0.0
730.0,-9.475466650767599,-14.573336025187986,56.365058113302275,315.6418652180716,162.99999999999994,14.613042157354473,-53.0289064091071,45.37716551473364,3.0,0.16474902629852295,0.13999366760253906,0.0,1.0,True,True,False,True,False,False,False,14.416281262623672,0.0,-45.0,2.4712345004081726,1.0,1.0,0.0
740.0,-10.629130801583083,-13.390230302471016,58.020905629004034,315.6418652180716,162.99999999999994,14.613042157354473,-53.0289064091071,46.993530822611326,3.0,0.16279911994934082,0.13980746269226074,0.0,1.0,True,True,False,True,False,False,False,13.611077390246566,0.0,-45.0,2.441987693309784,1.0,1.0,0.0
750.0,-11.783068199943953,-12.207124579754044,59.67675458047448,315.6418652180716,162.99999999999994,14.613042157354466,-53.0289064091071,48.61247282043958,3.0,0.036802053451538086,0.26704561710357666,5.000000000000002,1.0,True,True,False,True,False,False,False,12.249191226912352,0.0,-45.0,0.5520308017730713,1.0,1.0,0.0
760.0,-12.842039716884381,-10.93806577456603,61.32655804412655,320.6418652180716,162.99999999999994,14.613042157354437,-53.02890640910712,50.25356092898784,3.0,0.04004168510437012,0.27134037017822266,0.0,1.0,True,True,False,True,False,False,False,12.227207449234115,0.0,-45.0,0.6006243824958801,1.0,1.0,0.0
770.0,-13.889260103657955,-9.658632480619861,62.97559021789697,320.6418652180716,162.99999999999994,14.613042157354476,-53.02890640910711,51.89760972154821,3.0,-0.021615803241729736,0.1730443239212036,0.0,1.0,True,True,False,True,False,False,False,12.225690971746303,0.0,-45.0,0.0,1.0,1.0,0.0
780.0,-14.936749048492851,-8.379199186673691,64.62494448316718,320.6418652180716,162.99999999999994,14.613042157354466,-53.02890640910711,53.54238055370899,3.0,0.04514110088348389,0.13538038730621338,0.0,1.0,True,True,False,True,False,False,False,12.22446872828738,0.0,-45.0,0.6771156191825867,1.0,1.0,0.0
790.0,-15.984506731490232,-7.099765892727521,66.27459689708651,320.6418652180716,162.99999999999994,14.61304215735446,-53.02890640910711,55.187824260235,3.0,-0.07302224636077881,0.10732054710388184,0.0,1.0,True,True,False,True,False,False,False,12.223540723371096,0.0,-45.0,0.0,1.0,1.0,0.0
800.0,-17.032533332911516,-5.820332598781351,67.92452584150787,320.6418652180716,162.99999999999994,14.61304215735447,-53.02890640910711,56.83389736165468,3.0,-0.0734817385673523,0.10515260696411133,5.000000000000002,1.0,True,True,False,True,False,False,False,11.701983224036416,0.0,-45.0,0.0,1.0,1.0,0.0
810.0,-17.97834401808093,-4.463593910942012,69.55901854833144,325.6418652180716,162.99999999999994,14.613042157354467,-53.02890640910711,58.487503202656825,3.0,-0.08657872676849365,0.09774565696716309,0.0,1.0,True,True,False,True,False,False,False,11.681506674068947,0.0,-45.0,0.0,1.0,1.0,0.0
820.0,-18.911518275308936,-3.0975703056833592,71.19222125587444,325.6418652180716,162.99999999999994,14.61304215735445,-53.02890640910712,60.14178644899375,3.0,0.09360480308532715,0.18449115753173828,0.0,1.0,True,True,False,True,False,False,False,11.681530853379696,0.0,-45.0,1.4040720462799072,1.0,1.0,0.0
830.0,-19.84494858559601,-1.7315467004247063,72.82640123715784,325.6418652180716,162.99999999999994,14.61304215735446,-53.028906409107115,61.79621541100404,3.0,0.0953669548034668,0.1834397315979004,0.0,1.0,True,True,False,True,False,False,False,11.681840103524799,0.0,-45.0,1.4305052161216736,1.0,1.0,0.0
840.0,-20.77863513249106,-0.36552309516605364,74.46149424029879,325.6418652180716,162.99999999999994,14.61304215735447,-53.02890640910711,63.45079009326561,3.0,0.09708666801452637,0.18245422840118408,0.0,1.0,True,True,False,True,False,False,False,11.68382938557316,0.0,-45.0,1.4563000202178955,1.0,1.0,0.0
850.0,-21.71257809971787,1.000500510092599,76.09744150359197,325.6418652180716,162.99999999999994,14.613042157354453,-53.0289064091071,65.10551051256328,3.0,0.0986182689666748,0.18160128593444824,0.0,1.0,True,True,False,True,False,False,False,12.158412441852875,0.0,-45.0,1.4792731404304504,1.0,1.0,0.0
860.0,-22.6467776711752,2.3665241153512517,77.73418918479561,325.6418652180716,162.99999999999994,14.613042157354478,-53.028906409107094,66.76037669639518,3.0,0.09997284412384033,0.1808767318725586,-5.000000000000002,1.0,True,True,False,True,False,False,False,13.395449624113127,0.0,-45.0,1.4995935559272766,1.0,1.0,0.0
870.0,-23.68426365383585,3.6557430324549003,79.38545787419099,320.6418652180716,162.99999999999994,14.61304215735447,-53.02890640910711,68.40930576104839,3.0,0.17821550369262695,0.16219544410705566,0.0,1.0,True,True,False,True,False,False,False,15.303497378706647,0.0,-45.0,2.6732316613197327,1.0,1.0,0.0
880.0,-24.73455805726147,4.93517632640107,81.03822859098963,320.6418652180716,162.99999999999994,14.613042157354474,-53.028906409107115,70.05760865186652,3.0,0.14634180068969727,0.27628350257873535,0.0,1.0,True,True,False,True,False,False,False,15.468853205968783,0.0,-45.0,2.1951279044151306,1.0,1.0,0.0
890.0,-25.78512308261902,6.21460962034724,82.69110647105083,320.6418652180716,162.99999999999994,14.656741475479027,-48.02781896513591,67.65933392952363,2.0,0.28202223777770996,0.3298152685165405,0.0,1.0,True,True,False,True,False,False,False,15.51054901120656,0.0,-45.0,4.230334460735321,1.0,1.0,0.0
900.0,-26.835958911850565,7.494042914293409,84.34408532290527,320.6418652180716,162.99999999999994,14.656741475479077,-48.02781896513588,69.31321181413489,2.0,0.28223955631256104,0.3305957317352295,0.0,1.0,True,True,False,True,False,False,False,15.55324959218165,0.0,-45.0,4.2335933446884155,1.0,1.0,0.0
910.0,-27.887065727060516,8.773476208239579,85.99715943307496,320.6418652180716,162.99999999999994,14.656741475479059,-48.02781896513589,70.9673351948612,2.0,0.2624279260635376,0.17980706691741943,5.000000000000002,1.0,True,True,False,True,False,False,False,15.592198419918793,0.0,-45.0,3.9364179968833923,1.0,1.0,0.0
920.0,-28.83565738886787,10.130214896078918,87.63778766874982,325.6418652180716,162.99999999999994,14.65674147547907,-48.02781896513588,72.62193650390806,2.0,0.22575652599334717,0.28133654594421387,45.0,1.0,False,False,False,False,False,False,False,15.532874139326035,0.0,45.0,0.0,1.0,1.0,0.0
930.0,-29.55139618576352,11.617125437973721,89.21845324412712,341.46511616782874,162.99999999999994,14.65674147547902,-48.027818965135914,74.24202871908479,2.0,0.28785014152526855,0.3242490291595459,45.0,1.0,False,False,False,False,False,False,False,15.53494480335992,0.0,45.0,0.0,1.0,1.0,0.0
940.0,-29.833770543917733,13.242427709710073,90.61610301138552,357.2883671175859,162.99999999999994,14.65674147547907,-48.02781896513588,75.71954032708177,2.0,0.18501150608062744,0.4087725877761841,45.0,1.0,False,False,False,False,False,False,False,15.548361835923979,0.0,45.0,0.0,1.0,1.0,0.0
950.0,-29.661096988089046,14.882947923281916,91.7353581241343,13.11161806734286,162.99999999999994,14.656741475479063,-48.02781896513589,76.9534625378986,2.0,0.1080622673034668,0.3896826505661011,45.0,1.0,False,False,False,False,False,False,False,15.111009995720865,0.0,45.0,0.0,1.0,1.0,0.0
960.0,-29.046171194748762,16.414358996571067,92.50286913879937,28.934869017099793,162.99999999999994,14.65674147547907,-48.02781896513588,77.86359146809161,2.0,0.11830723285675049,0.3268132209777832,45.0,1.0,False,False,False,False,False,False,False,10.843246547576529,0.0,45.0,0.0,1.0,1.0,0.0
970.0,-28.035362070116314,17.72060270079636,92.86984188761119,44.75811996685673,162.99999999999994,14.656741475479059,-48.02781896513588,78.39305234973993,2.0,0.09518313407897949,0.32766294479370117,20.0,1.0,True,False,False,False,True,False,False,11.152266591127574,0.0,45.0,0.0,1.0,1.0,0.0
980.0,-26.70514459268283,18.702685151616937,92.81341049187807,60.58137091661367,162.99999999999994,14.656741475479055,-48.02781896513589,78.50965417572269,2.0,0.12995731830596924,0.33809685707092285,0.0,1.0,True,False,False,False,True,False,False,11.088455423644179,0.0,45.0,0.0,1.0,1.0,0.0
990.0,-25.25820733979627,19.515467490268147,92.5815828203263,60.58137091661368,162.99999999999994,14.65674147547908,-48.02781896513588,78.45571160930743,2.0,0.1256418228149414,0.3352015018463135,0.0,1.0,True,False,False,False,True,False,False,10.389898565615441,0.0,45.0,0.0,1.0,1.0,0.0
1000.0,-23.811032136341566,20.328249828919354,92.3793368971172,60.58137091661368,162.99999999999994,14.656741475479059,-48.02781896513588,78.43673723216625,2.0,-0.11685401201248169,0.40954136848449707,-5.000000000000002,1.0,True,False,False,False,True,False,False,11.051513792884911,0.0,45.0,-1.7528101801872253,1.0,1.0,0.0
1010.0,-22.431541585699126,21.250234623827893,92.3352204122171,55.58137091661368,162.99999999999994,14.656741475479063,-48.02781896513588,78.58110109626496,2.0,-0.1077573299407959,0.4162561893463135,0.0,1.0,True,False,False,False,True,False,False,10.985331065752035,0.0,45.0,-1.61636084318161,1.0,1.0,0.0
1020.0,-21.060497746131034,22.185546907809986,92.33714105539417,55.58137091661368,162.99999999999994,14.656741475479073,-48.027818965135886,78.7758714634239,2.0,-0.11224913597106934,0.4131205081939697,0.0,1.0,True,False,False,False,True,False,False,10.98656932138417,0.0,45.0,-1.6837379336357117,1.0,1.0,0.0
1030.0,-19.689194217835503,23.12085919179208,92.3692059134178,55.58137091661368,162.99999999999994,14.656741475479055,-48.02781896513588,79.004922012033,2.0,-0.12504786252975464,0.40827035903930664,5.000000000000002,1.0,True,False,False,False,True,False,False,10.27806995048212,0.0,45.0,-1.875717043876648,1.0,1.0,0.0
1040.0,-18.249135811280482,23.947299881459234,92.3028447341832,60.58137091661368,162.99999999999994,14.656741475479066,-48.02781896513589,79.14047316634372,2.0,-0.1414179801940918,0.39606595039367676,0.0,1.0,True,False,False,False,True,False,False,10.264640783599175,0.0,45.0,-2.1212705969810486,1.0,1.0,0.0
1050.0,-16.80066134873793,24.760082220110444,92.25071756542239,60.58137091661368,162.99999999999994,14.656741475479073,-48.02781896513588,79.29468299576106,2.0,-0.002162635326385498,0.3578817844390869,0.0,1.0,True,False,False,False,True,False,False,10.266425271007352,0.0,45.0,-0.03243863582611084,1.0,1.0,0.0
1060.0,-15.35194827728229,25.57286455876165,92.22877702100838,60.58137091661368,162.99999999999994,14.656741475479045,-48.02781896513591,79.4832188317912,2.0,-0.00547415018081665,0.3573845624923706,0.0,1.0,True,False,False,False,True,False,False,10.268220701308293,0.0,45.0,-0.08211314678192139,1.0,1.0,0.0
1070.0,-13.902996494669877,26.38564689741286,92.23704478439787,60.58137091661368,162.99999999999994,14.656741475479068,-48.02781896513587,79.70585006510045,2.0,-0.009031295776367188,0.3568565845489502,-5.000000000000002,1.0,True,False,False,False,True,False,False,10.530618489095986,0.0,45.0,-0.13547033071517944,1.0,1.0,0.0
1080.0,-12.521811980293714,27.3076316923214,92.4037072799226,55.58137091661368,162.99999999999994,14.656741475479071,-48.027818965135886,80.08810082471977,2.0,0.012044906616210938,0.3836878538131714,-15.000000000000002,1.0,True,True,False,True,True,False,False,10.74440015726539,0.0,45.0,0.0,1.0,1.0,0.0
1090.0,-11.309184645668616,28.43362869337918,92.85784089929959,40.58137091661368,162.99999999999994,14.656741475479048,-48.02781896513589,80.75012258420874,2.0,0.06765365600585938,0.4089169502258301,-10.000000000000004,1.0,True,True,False,True,False,False,False,10.77498917796282,0.0,45.0,0.0,1.0,1.0,0.0
1100.0,-10.397639278884043,29.815408838167393,93.69982594205024,30.58137091661368,162.99999999999994,14.65674147547907,-48.027818965135886,81.77585285291477,2.0,0.08767127990722656,0.4024714231491089,-5.000000000000002,1.0,True,True,False,True,False,False,False,11.10391307099275,0.0,45.0,0.0,1.0,1.0,0.0
1110.0,-9.664444947761849,31.300724649943447,94.73215837072925,25.58137091661368,162.99999999999994,14.656741475479075,-48.02781896513588,82.97311577326467,2.0,0.08076643943786621,0.39474809169769287,-5.000000000000002,1.0,True,True,False,True,False,False,False,11.636960118534722,0.0,45.0,0.0,1.0,1.0,0.0
1120.0,-9.064113168415156,32.84389641108321,95.88911820190376,20.58137091661368,162.99999999999994,14.656741475479082,-48.02781896513589,84.27878317185738,2.0,0.09475934505462646,0.38612985610961914,-5.000000000000002,1.0,True,True,False,True,False,False,False,12.276427184231276,0.0,45.0,0.0,1.0,1.0,0.0
1130.0,-8.601291305512477,34.43317965269536,97.15756136521118,15.581370916613679,162.99999999999994,14.656741475479022,-48.02781896513591,85.67819081826859,2.0,0.05736589431762695,0.3812342882156372,0.0,1.0,True,True,False,True,False,False,False,12.968090691325965,0.0,45.0,0.0,1.0,1.0,0.0
1140.0,-8.153634972587989,36.0270991982197,98.44779893689623,15.581370916613679,162.99999999999994,14.656741475479071,-48.027818965135864,87.09502018571978,2.0,0.046372294425964355,0.37993478775024414,0.0,1.0,True,True,False,True,False,False,False,13.692299780564483,0.0,45.0,0.0,1.0,1.0,0.0
1150.0,-7.705833481694169,37.621018743744045,99.74892607550056,15.581370916613679,162.99999999999994,14.656741475479075,-48.02781896513589,88.52010031398092,2.0,0.03512132167816162,0.37887775897979736,0.0,1.0,True,True,False,True,False,False,False,14.444438575713335,0.0,45.0,0.0,1.0,1.0,0.0
1160.0,-7.257886710577332,39.214938289268396,101.0605222063231,15.581370916613679,162.99999999999994,14.656741475479073,-48.02781896513587,89.95304120419725,2.0,0.02381277084350586,0.3779716491699219,0.0,1.0,True,True,False,True,False,False,False,15.220427614384933,0.0,45.0,0.0,1.0,1.0,0.0
1170.0,-6.809794536846495,40.80885783479274,102.38218500754748,15.581370916613679,162.99999999999994,14.656741475479024,-48.0278189651359,91.39347522237814,2.0,0.012443065643310547,0.37717652320861816,0.0,1.0,True,True,False,True,False,False,False,16.016858372911177,0.0,45.0,0.0,1.0,1.0,0.0
1180.0,-6.361556837973233,42.40277738031709,103.71352965474209,15.581370916613679,162.99999999999994,14.656741475479066,-48.02781896513589,92.84105567790323,2.0,0.0010020732879638672,0.3764503002166748,-5.000000000000002,1.0,True,True,False,True,False,False,False,16.830884127008,0.0,45.0,0.0,1.0,1.0,0.0
1190.0,-6.039331022459126,44.02607669729798,105.12483550233205,10.581370916613679,162.99999999999994,14.656741475479059,-48.02781896513588,94.351720299474,2.0,-0.44867193698883057,0.36750268936157227,0.0,1.0,True,True,False,True,False,False,False,17.615201387797757,0.0,45.0,-6.730078160762787,1.0,1.0,0.0
1200.0,-5.732693103842272,45.652669162271394,106.55157143187847,10.581370916613679,162.99999999999994,14.656741475479045,-48.02781896513588,95.87368198965615,2.0,-0.4560734033584595,0.3682718276977539,0.0,1.0,True,True,False,True,False,False,False,18.401071234871548,0.0,45.0,-6.8411001563072205,1.0,1.0,0.0
1210.0,-5.425953397802247,47.279261627244814,107.98489804829099,10.581370916613679,162.99999999999994,14.656741475479038,-48.027818965135886,97.39997045387575,2.0,-0.4637121558189392,0.3689388036727905,0.0,1.0,True,True,False,True,False,False,False,19.19318107729115,0.0,45.0,-6.9556814432144165,1.0,1.0,0.0
1220.0,-5.119111816705731,48.905854092218235,109.42455637417544,10.581370916613679,162.99999999999994,14.656741475479079,-48.02781896513588,98.93038636245204,2.0,-0.4727628231048584,0.3697664737701416,-5.000000000000002,1.0,True,True,False,True,False,False,False,19.990823797440843,0.0,45.0,-7.091441452503204,1.0,1.0,0.0
1230.0,-4.940600406974092,50.5508151965945,110.92793066909357,5.581370916613679,162.99999999999994,14.656741475479073,-48.02781896513588,100.50772568340221,2.0,-0.46339476108551025,0.36381828784942627,0.0,1.0,True,True,False,True,False,False,False,20.73099330894225,0.0,45.0,-6.950920522212982,1.0,1.0,0.0
1240.0,-4.777974814676561,52.197701230201204,112.44234018844058,5.581370916613679,162.99999999999994,-5.209797011521596,48.634944341031726,3.588830876624398,3.0,-0.4484851360321045,0.37240779399871826,-45.0,1.0,False,False,False,False,False,False,False,20.953885182318892,0.0,-45.0,0.0,1.0,1.0,0.0
1250.0,-4.868780388355455,53.844783877794235,114.03771011290276,349.7581199668566,162.99999999999994,-5.209797011521597,48.634944341031726,5.220988444355095,3.0,-0.30211567878723145,0.17967069149017334,-45.0,1.0,False,False,False,False,False,False,False,17.966984825578383,0.0,-45.0,0.0,1.0,1.0,0.0
1260.0,-5.410296132696231,55.40496295183719,115.68811924358388,333.93486901709946,162.99999999999994,-5.209797011521596,48.634944341031726,6.772986925149358,3.0,-0.251639723777771,0.13075029850006104,-45.0,1.0,False,False,False,False,False,False,False,14.466218686549455,0.0,-45.0,0.0,1.0,1.0,0.0
1270.0,-6.361736283408627,56.7600000360893,117.26889955342368,318.1116180673423,162.99999999999994,-5.209797011521598,48.634944341031726,8.206308191501412,3.0,-0.15245270729064941,0.053522586822509766,-45.0,1.0,False,False,False,False,False,False,False,10.543850890709354,0.0,-45.0,0.0,1.0,1.0,0.0
1280.0,-7.651149378301053,57.80720343223869,118.66549253382469,302.28836711758515,162.99999999999994,14.613042157354482,-53.028906409107115,113.05015466375633,3.0,-0.09088480472564697,0.06879281997680664,-20.0,1.0,True,False,False,False,True,False,False,11.189518226489445,0.0,-45.0,0.0,1.0,1.0,0.0
1290.0,-9.180848376644418,58.467210666388716,119.78038256212665,286.465116167828,162.99999999999994,14.61304215735449,-53.0289064091071,114.00672501943292,3.0,-0.07829856872558594,0.1407996416091919,0.0,1.0,True,False,False,False,True,False,False,11.317146205632946,0.0,-45.0,0.0,1.0,1.0,0.0
1300.0,-10.78675012505821,58.93621359636101,120.75357899610218,286.465116167828,162.99999999999994,14.613042157354469,-53.0289064091071,114.81000629661418,3.0,-0.07891780138015747,0.1413869857788086,0.0,1.0,True,False,False,False,True,False,False,10.684337574146113,0.0,-45.0,0.0,1.0,1.0,0.0
1310.0,-12.392806221219132,59.40521652633329,121.7419525968156,286.465116167828,162.99999999999994,14.61304215735446,-53.02890640910711,115.63194993992029,3.0,-0.07947748899459839,0.14227557182312012,5.000000000000002,1.0,True,False,False,False,True,False,False,11.290164381054229,0.0,-45.0,0.0,1.0,1.0,0.0
1320.0,-13.957078126458747,59.995808123245695,122.84369772845827,291.465116167828,162.99999999999994,14.61304215735446,-53.02890640910712,116.57974896246517,3.0,-0.07647573947906494,0.11507666110992432,0.0,1.0,True,False,False,False,True,False,False,11.019606269863125,0.0,-45.0,0.0,1.0,1.0,0.0
1330.0,-15.516014834624563,60.601331587137196,123.97001969654244,291.465116167828,162.99999999999994,14.613042157354478,-53.02890640910711,117.55675677011953,3.0,-0.10729068517684937,0.12955796718597412,0.0,1.0,True,False,False,False,True,False,False,10.873326657660876,0.0,-45.0,0.0,1.0,1.0,0.0
1340.0,-17.075145099195556,61.2068550510287,125.1085005677541,291.465116167828,162.99999999999994,14.613042157354464,-53.02890640910711,118.54935853045865,3.0,-0.10818701982498169,0.1306912899017334,0.0,1.0,True,False,False,False,True,False,False,10.858603639914328,0.0,-45.0,0.0,1.0,1.0,0.0
1350.0,-18.634468982347936,61.8123785149202,126.25881156578158,291.465116167828,162.99999999999994,14.613042157354474,-53.02890640910711,119.55717343591833,3.0,-0.10910892486572266,0.131972074508667,0.0,1.0,True,False,False,False,True,False,False,10.865313898341594,0.0,-45.0,0.0,1.0,1.0,0.0
1360.0,-20.193986546284524,62.4179019788117,127.42063243050474,291.465116167828,162.99999999999994,14.613042157354474,-53.02890640910711,120.57982755889473,3.0,-0.11006426811218262,0.13339900970458984,0.0,1.0,True,False,False,False,True,False,False,10.872078148391157,0.0,-45.0,0.0,1.0,1.0,0.0
1370.0,-21.75369785323491,63.0234254427032,128.59365132784563,291.465116167828,162.99999999999994,14.613042157354464,-53.02890640910711,121.61695402878871,3.0,-0.11085939407348633,0.1351151466369629,-5.000000000000002,1.0,True,False,False,False,True,False,False,10.356358059673846,0.0,-45.0,0.0,1.0,1.0,0.0
1380.0,-23.35617230181458,63.50756361531015,129.6844058401538,286.465116167828,162.99999999999994,14.613042157354492,-53.028906409107094,122.56594181255359,3.0,-0.11023831367492676,0.16243648529052734,0.0,1.0,True,False,False,False,True,False,False,10.350991620704722,0.0,-45.0,0.0,1.0,1.0,0.0
1390.0,-24.963734830973593,63.97656654528244,130.7757633426995,286.465116167828,162.99999999999994,14.613042157354492,-53.02890640910711,123.51761808772156,3.0,-0.11094021797180176,0.16443967819213867,0.0,1.0,True,False,False,False,True,False,False,10.359197467598563,0.0,-45.0,0.0,1.0,1.0,0.0
1400.0,-26.57145212111757,64.44556947525473,131.87928589219624,286.465116167828,162.99999999999994,14.613042157354482,-53.028906409107094,124.4845976548063,3.0,-0.11171948909759521,0.1665809154510498,0.0,1.0,True,False,False,False,True,False,False,10.367451284273173,0.0,-45.0,0.0,1.0,1.0,0.0
1410.0,-28.17932421077325,64.91457240522702,132.99467077937385,286.465116167828,162.99999999999994,14.613042157354453,-53.02890640910711,125.46653264600624,3.0,-0.11258333921432495,0.16885828971862793,0.0,1.0,True,False,False,False,True,False,False,10.375753050503025,0.0,-45.0,0.0,1.0,1.0,0.0
1420.0,-29.787351138480155,65.3835753351993,134.12162216332408,286.465116167828,162.99999999999994,14.613042157354464,-53.02890640910711,126.4630806111827,3.0,-0.11353862285614014,0.17127013206481934,-5.000000000000002,1.0,True,False,False,False,True,False,False,10.324035012070029,0.0,-45.0,0.0,1.0,1.0,0.0
1430.0,-31.4272375263423,65.72799046093643,135.16332722613373,281.465116167828,162.99999999999994,14.613042157354474,-53.028906409107094,127.36917958264148,3.0,-0.1151697039604187,0.20407509803771973,-10.000000000000004,1.0,True,False,False,False,True,False,False,10.290590895293937,0.0,-45.0,0.0,1.0,1.0,0.0
1440.0,-33.09753635739783,65.84732133947989,136.03241410108072,271.465116167828,162.99999999999994,14.613042157354414,-53.02890640910712,128.09315682715555,3.0,-0.14800262451171875,0.2772512435913086,0.0,1.0,True,False,False,False,True,False,False,10.285756006013887,0.0,-45.0,0.0,1.0,1.0,0.0
1450.0,-34.77401633305852,65.88963002164176,136.8515744898387,271.465116167828,162.99999999999994,14.613042157354478,-53.02890640910711,128.76606638849702,3.0,-0.14827507734298706,0.2792450189590454,5.000000000000002,1.0,True,False,False,False,True,False,False,10.464357754280206,0.0,-45.0,0.0,1.0,1.0,0.0
1460.0,-36.44184646141937,66.06011308445245,137.79418531433066,276.465116167828,162.99999999999994,14.613042157354457,-53.02890640910712,129.57158722425535,3.0,-0.13077229261398315,0.24641072750091553,5.000000000000002,1.0,True,False,False,False,True,False,False,10.815189563075394,0.0,-45.0,0.0,1.0,1.0,0.0
1470.0,-38.08835504992587,66.37337257598884,138.86434867001788,281.465116167828,162.99999999999994,14.613042157354457,-53.02890640910712,130.51567528245113,3.0,-0.01972043514251709,0.3226807117462158,5.000000000000002,1.0,True,False,False,False,True,False,False,11.169566150062392,0.0,-45.0,0.0,1.0,1.0,0.0
1480.0,-39.70105520322988,66.82702440237234,140.05102946102213,286.465116167828,162.99999999999994,14.61304215735447,-53.02890640910711,131.58824158252585,3.0,-0.0193023681640625,0.305908203125,0.0,1.0,True,False,False,False,True,False,False,10.502574376303283,0.0,-45.0,0.0,1.0,1.0,0.0
1490.0,-41.30971391290083,67.29602733234462,141.2586405552375,286.465116167828,162.99999999999994,14.6130421573545,-53.028906409107094,132.68550910471734,3.0,0.0747683048248291,0.22474455833435059,5.000000000000002,1.0,True,False,False,False,True,False,False,11.001296036554573,0.0,-45.0,1.1215254664421082,1.0,1.0,0.0
1500.0,-42.876521157109444,67.88661892925703,142.55849164979773,291.465116167828,162.99999999999994,14.61304215735447,-53.02890640910711,133.88657198517083,3.0,0.08509743213653564,0.2012484073638916,0.0,1.0,True,False,False,False,True,False,False,10.576660100629827,0.0,-45.0,1.276460587978363,1.0,1.0,0.0
1510.0,-44.43798505563288,68.49214239314853,143.8758760391309,291.465116167828,162.99999999999994,14.61304215735445,-53.02890640910712,135.1088047349586,3.0,0.08558046817779541,0.2046492099761963,5.000000000000002,1.0,True,False,False,False,True,False,False,11.172316656525101,0.0,-45.0,1.2837079167366028,1.0,1.0,0.0
1520.0,-45.94703785387065,69.21517900192289,145.27303203889429,296.465116167828,162.99999999999994,14.613042157354393,-53.028906409107165,136.42265101127887,3.0,0.08106434345245361,0.19225239753723145,0.0,1.0,True,False,False,False,True,False,False,10.947667488209424,0.0,-45.0,1.2159660458564758,1.0,1.0,0.0
1530.0,-47.44948082507272,69.95261460054341,146.68444675565993,296.465116167828,162.99999999999994,14.613042157354492,-53.02890640910711,137.75416969657005,3.0,0.08123135566711426,0.19549429416656494,0.0,1.0,True,False,False,False,True,False,False,10.779572901340366,0.0,-45.0,1.2184712290763855,1.0,1.0,0.0
1540.0,-48.952151672464986,70.69005019916393,148.10119180552033,296.465116167828,162.99999999999994,14.613042157354464,-53.02890640910711,139.09318491882257,3.0,0.08133244514465332,0.1988358497619629,0.0,1.0,True,False,False,False,True,False,False,10.686827194558788,0.0,-45.0,1.2199866771697998,1.0,1.0,0.0
1550.0,-50.45505048534787,71.42748579778444,149.52311581415242,296.465116167828,162.99999999999994,14.613042157354457,-53.028906409107094,140.43948960785534,3.0,0.08136606216430664,0.2022719383239746,0.0,1.0,True,False,False,False,True,False,False,10.669627357837296,0.0,-45.0,1.2204909324645996,1.0,1.0,0.0
1560.0,-51.95817735306847,72.16492139640496,150.9500725682605,296.465116167828,162.99999999999994,14.613042157354464,-53.02890640910711,141.79288341697944,3.0,0.0813302993774414,0.2057969570159912,0.0,1.0,True,False,False,False,True,False,False,10.676676924547442,0.0,-45.0,1.219954490661621,1.0,1.0,0.0
1570.0,-53.46153236502074,72.90235699502547,152.38192082378748,296.465116167828,162.99999999999994,14.613042157354478,-53.028906409107094,143.15317250750482,3.0,0.08122336864471436,0.2094055414199829,0.0,1.0,True,False,False,False,True,False,False,10.68375821857689,0.0,-45.0,1.2183505296707153,1.0,1.0,0.0
1580.0,-54.965115610645505,73.63979259364599,153.81852412101722,296.465116167828,162.99999999999994,14.613042157354492,-53.02890640910711,144.52016933784282,3.0,0.08331680297851562,0.21206927299499512,-5.000000000000002,1.0,True,False,False,False,True,False,False,10.27821650375762,0.0,-45.0,1.2497511506080627,1.0,1.0,0.0
1590.0,-56.52216908988781,74.2599692293008,155.192206518642,291.465116167828,162.99999999999994,14.613042157354457,-53.02890640910712,145.8172696921728,3.0,0.0749744176864624,0.2335493564605713,0.0,1.0,True,False,False,False,True,False,False,10.276459741474655,0.0,-45.0,1.1246153712272644,1.0,1.0,0.0
1600.0,-58.08568192685213,74.8654926931923,156.56306795100699,291.465116167828,162.99999999999994,14.613042157354442,-53.02890640910711,147.1124801137206,3.0,0.07559311389923096,0.23590922355651855,0.0,1.0,True,False,False,False,True,False,False,10.284905508063398,0.0,-45.0,1.1338958144187927,1.0,1.0,0.0
1610.0,-59.649389792006225,75.4710161570838,157.939689914371,291.465116167828,162.99999999999994,14.613042157354435,-53.028906409107094,148.4154267539277,3.0,0.07600951194763184,0.23837852478027344,0.0,1.0,True,False,False,False,True,False,False,10.293381392752458,0.0,-45.0,1.1401426792144775,1.0,1.0,0.0
1620.0,-61.21329274815881,76.0765396209753,159.32192320960255,291.465116167828,162.99999999999994,14.613042157354442,-53.02890640910712,149.72591378859434,3.0,0.0762256383895874,0.2409496307373047,0.0,1.0,True,True,False,True,True,False,False,10.301887298687983,0.0,-45.0,1.1433854699134827,1.0,1.0,0.0
1630.0,-62.77739085814561,76.6820630848668,160.7096231728213,291.465116167828,162.99999999999994,14.613042157354485,-53.028906409107094,151.04375104383905,3.0,0.07625555992126465,0.24361085891723633,0.0,1.0,True,True,False,True,True,False,False,10.310423128782913,0.0,-45.0,1.1438333988189697,1.0,1.0,0.0
1640.0,-64.3416841848293,77.2875865487583,162.10264953148106,291.465116167828,162.99999999999994,14.613042157354414,-53.02890640910715,152.36875384607737,3.0,0.07609736919403076,0.24635577201843262,0.0,1.0,True,True,False,True,True,False,False,10.320925301633991,0.0,-45.0,1.1414596438407898,1.0,1.0,0.0
1650.0,-65.9061727910997,77.8931100126498,163.50086626434174,291.465116167828,162.99999999999994,14.613042157354485,-53.028906409107066,153.70074287346222,3.0,0.07575321197509766,0.2491767406463623,5.000000000000002,1.0,True,True,False,True,False,False,False,10.401117679981846,0.0,-45.0,1.1362990736961365,1.0,1.0,0.0
1660.0,-67.41814940354433,78.61614662142416,164.96760296898523,296.465116167828,162.99999999999994,14.613042157354485,-53.02890640910711,155.11136765663653,3.0,0.08513486385345459,0.2319340705871582,5.000000000000002,1.0,True,True,False,True,False,False,False,10.618741603917753,0.0,-45.0,1.2770238518714905,1.0,1.0,0.0
1670.0,-68.86057893806367,79.46612549689094,166.49860204264922,301.465116167828,162.99999999999994,14.61304215735447,-53.02890640910711,156.59750604193184,3.0,0.09492373466491699,0.21812176704406738,5.000000000000002,1.0,True,True,False,True,False,False,False,10.9302145681487,0.0,-45.0,1.4238560199737549,1.0,1.0,0.0
1680.0,-70.22249376351509,80.43657778657438,168.0805329438293,306.465116167828,162.99999999999994,14.613042157354442,-53.02890640910714,158.14583025350007,3.0,0.09661495685577393,0.20535802841186523,5.000000000000002,1.0,True,True,False,True,False,False,False,11.289330231329302,0.0,-45.0,1.4492243528366089,1.0,1.0,0.0
1690.0,-71.49352702727933,81.52011776257496,169.7000200975855,311.465116167828,162.99999999999994,14.613042157354442,-53.028906409107094,159.74285950332805,3.0,0.10044944286346436,0.19184613227844238,0.0,1.0,True,True,False,True,False,False,False,11.658098570348749,0.0,-45.0,1.5067416429519653,1.0,1.0,0.0
1700.0,-72.75443613808888,82.6158209418745,171.32378184141373,311.465116167828,162.99999999999994,14.613042157354428,-53.02890640910714,161.34611343886442,3.0,0.10046577453613281,0.194321870803833,0.0,1.0,True,True,False,True,False,False,False,12.037922566529998,0.0,-45.0,1.5069857239723206,1.0,1.0,0.0
1710.0,-74.0156305897915,83.71152412117405,172.94824477852893,311.465116167828,162.99999999999994,14.6130421573545,-53.02890640910712,162.95087288666898,3.0,0.10045826435089111,0.19681239128112793,0.0,1.0,True,True,False,True,False,False,False,12.429432882369376,0.0,-45.0,1.506873071193695,1.0,1.0,0.0
1720.0,-75.27711054893153,84.80722730047358,174.5733894792619,311.465116167828,162.99999999999994,14.613042157354485,-53.028906409107094,164.5571004532008,3.0,0.1004263162612915,0.19931530952453613,0.0,1.0,True,True,False,True,False,False,False,12.831545677797479,0.0,-45.0,1.5063956379890442,1.0,1.0,0.0
1730.0,-76.53887618218309,85.90293047977313,176.19919722397586,311.465116167828,162.99999999999994,14.61304215735447,-53.02890640910711,166.16476015779082,3.0,0.10036909580230713,0.2018272876739502,-5.000000000000002,1.0,True,True,False,True,False,False,False,13.243281439329015,0.0,-45.0,1.5055373311042786,1.0,1.0,0.0
1740.0,-77.88338152790367,86.89894886645362,177.79640459643974,306.465116167828,162.99999999999994,14.613042157354442,-53.028906409107094,167.73608161806166,3.0,0.10495400428771973,0.21725153923034668,5.000000000000002,1.0,True,True,False,True,False,False,False,13.699425255971121,0.0,-45.0,1.5743091702461243,1.0,1.0,0.0
1750.0,-79.15611304074626,87.9824888424542,179.4203898335617,311.465116167828,162.99999999999994,-31.078116830064786,15.76253339511905,86.75952791739577,3.0,0.09892511367797852,0.2072768211364746,-5.000000000000002,1.0,True,True,False,True,False,False,False,14.13581349815294,0.0,-45.0,1.483875811100006,1.0,1.0,0.0
1760.0,-80.50119681387844,88.97850722913469,181.01967185234054,306.465116167828,162.99999999999994,14.656741475479095,-48.02781896513588,166.81057111805606,2.0,0.10779953002929688,0.22014284133911133,0.0,1.0,True,True,False,True,False,False,False,14.61688029307229,0.0,-45.0,1.6169938445091248,1.0,1.0,0.0
1770.0,-81.85648657951529,89.96196888890097,182.61624001873295,306.465116167828,162.99999999999994,14.700440793603661,-43.02673152116466,164.34486502624887,1.0,0.10929811000823975,0.22100019454956055,-43.360529243946075,1.0,False,False,False,False,False,False,False,15.115632794108643,0.0,-45.0,1.6394707560539246,1.0,1.0,0.0
1780.0,-83.34331313293168,90.7303280537911,184.12532201493747,290.64186521807085,162.99999999999994,14.744140111728228,-38.02564407719346,161.86182021532508,0.0,0.09046971797943115,0.27996623516082764,-43.642955124378204,1.0,False,False,False,False,False,False,False,15.690809149321193,0.0,-45.0,1.3570448756217957,1.0,1.0,0.0
1790.0,-84.98739026164981,91.07156879064118,185.39990650308226,274.8186142683137,162.99999999999994,14.744140111728242,-38.02564407719345,163.13328452789466,0.0,-0.0021889805793762207,0.38076961040496826,-45.0,1.0,False,False,False,False,False,False,False,16.349048850408163,0.0,-45.0,0.0,1.0,1.0,0.0
1800.0,-86.6639900733222,90.95983011659722,186.3492949313096,258.99536331855654,162.99999999999994,-83.6074132477078,98.19407283088671,7.853466084483565,3.0,0.07103478908538818,0.4158017635345459,45.0,1.0,False,False,False,False,False,False,False,17.044687810172025,0.0,45.0,0.0,1.0,1.0,0.0
1810.0,-88.34303749416651,90.89357834485826,187.34549908976473,274.8186142683137,162.99999999999994,-83.6074132477078,98.19407283088671,8.701916843097246,3.0,0.20807504653930664,0.32072150707244873,45.0,1.0,False,False,False,False,False,False,False,17.866745693468555,0.0,45.0,0.0,1.0,1.0,0.0
1820.0,-89.97692578595358,91.2792525701989,188.66935624254648,290.64186521807085,162.99999999999994,-83.6074132477078,98.19407283088671,9.40135252038178,3.0,0.24651944637298584,0.22875022888183594,45.0,1.0,False,False,False,False,False,False,False,18.737593182428327,0.0,45.0,0.0,1.0,1.0,0.0
1830.0,-91.44195363733765,92.08762441086027,190.21464125207697,306.465116167828,162.99999999999994,-83.6074132477078,98.19407283088671,9.93321375100651,3.0,0.17201745510101318,0.17625772953033447,45.0,1.0,False,False,False,False,False,False,False,17.046578350255658,0.0,45.0,0.0,1.0,1.0,0.0
1840.0,-92.62713076666688,93.25743127989892,191.86014000709417,322.28836711758515,162.99999999999994,-83.6074132477078,98.19407283088671,10.282301975956381,3.0,-0.018230080604553223,0.17768990993499756,44.7265487909317,1.0,False,False,False,False,False,False,False,13.724821782607979,0.0,45.0,-0.27345120906829834,1.0,1.0,0.0
1850.0,-93.44255466848095,94.70001917996362,193.47998432541,338.1116180673423,162.99999999999994,-83.6074132477078,98.19407283088671,10.437356834090554,3.0,-0.33244574069976807,0.23713159561157227,40.01331478357315,1.0,False,False,False,False,False,False,False,10.719516911115496,0.0,45.0,-4.986685216426849,1.0,1.0,0.0
1860.0,-93.82622501101874,96.30606136040903,194.95340407316093,353.93486901709946,162.99999999999994,-83.6074132477078,98.19407283088671,10.391761215820795,3.0,-0.6211991310119629,0.3927280902862549,20.0,1.0,True,False,False,False,True,False,False,10.479900959008013,0.0,45.0,-9.317986071109772,1.0,1.0,0.0
1870.0,-93.74877899800629,97.95384366227593,196.1731733286297,9.758119966856473,162.99999999999994,-83.6074132477078,98.19407283088671,10.14421063142809,3.0,-0.7074826955795288,0.3769571781158447,0.0,1.0,True,False,False,False,True,False,False,10.558433502360229,0.0,45.0,-10.612240433692932,1.0,1.0,0.0
1880.0,-93.46259858128296,99.58463408379889,197.2566206678028,9.75811996685647,162.99999999999994,-83.6074132477078,98.19407283088671,9.95280556211241,3.0,-0.639258861541748,0.4018585681915283,-5.000000000000002,1.0,True,False,False,False,True,False,False,10.99556710047465,0.0,45.0,-9.588883817195892,1.0,1.0,0.0
1890.0,-93.30635741236306,101.23196449997022,198.44090617049824,4.758119966856469,162.99999999999994,-83.6074132477078,98.19407283088671,10.16357730831951,3.0,-0.606157660484314,0.4061124324798584,0.0,1.0,True,False,False,False,True,False,False,10.42785339205248,0.0,45.0,-9.092364013195038,1.0,1.0,0.0
1900.0,-93.16620259695479,102.88099288322596,199.64311462415398,4.758119966856469,162.99999999999994,-83.6074132477078,98.19407283088671,10.64601678564793,3.0,-0.6540525555610657,0.4067554473876953,-5.000000000000002,1.0,True,False,False,False,True,False,False,10.99286402158649,0.0,45.0,-9.810788333415985,1.0,1.0,0.0
1910.0,-93.15710289574845,104.53539543290285,200.93550843534672,359.7581199668565,162.99999999999994,-83.6074132477078,98.19407283088671,11.463374054646193,3.0,-0.5828794836997986,0.4124619960784912,0.0,1.0,True,False,False,False,True,False,False,10.624787992024412,0.0,45.0,-8.743191361427307,1.0,1.0,0.0
1920.0,-93.16424077609,106.19011167618679,202.2432274079034,359.7581199668565,162.99999999999994,-83.6074132477078,98.19407283088671,12.460721874064586,3.0,-0.5776124596595764,0.412017822265625,-45.0,-1.0,True,False,False,False,True,False,False,14.222789911772063,0.0,45.0,-8.664186894893646,1.0,1.0,0.0
1930.0,-93.42508203438989,107.78973907874344,203.66428001936686,343.64672650204767,159.5698558018131,-83.6074132477078,98.19407283088671,13.728198394008173,3.0,-0.29129230976104736,0.2368481159210205,-45.0,-1.0,True,False,False,False,True,False,False,14.255053750817524,0.0,45.0,-4.369385540485382,1.0,1.0,0.0
1940.0,-94.1193485950287,109.22166603334264,205.21392512352682,327.180946831606,156.13972249447147,-83.6074132477078,98.19407283088671,15.235110652210796,3.0,-0.18901026248931885,0.17489588260650635,-45.0,-1.0,True,True,True,True,True,True,True,14.306319731292575,0.0,45.0,-2.8351539373397827,1.0,1.0,0.0
1950.0,-95.18065832498495,110.37258216462888,206.76046529426472,310.34483613834163,152.70960007794022,-83.6074132477078,98.19407283088671,16.80047889825659,3.0,0.052283406257629395,0.17516839504241943,-44.21574890613556,1.0,False,False,False,False,False,False,False,14.595440573550082,0.0,-45.0,0.7842510938644409,1.0,1.0,0.0
1960.0,-96.55901110265084,111.18846917700472,208.23210289357147,293.7789926894571,156.1387418855176,-83.6074132477078,98.19407283088671,18.346613404009208,3.0,0.0767061710357666,0.2445359230041504,-43.8494074344635,1.0,False,False,False,False,False,False,False,15.130812676165725,0.0,-45.0,1.150592565536499,1.0,1.0,0.0
1970.0,-98.15117582739248,111.60036694351494,209.5160932963538,277.56729968659374,159.56787280543324,-83.6074132477078,98.19407283088671,19.7800341710657,3.0,0.2784336805343628,0.3272053003311157,-40.82349479198456,1.0,False,False,False,False,False,False,False,15.839808323660947,0.0,-45.0,4.176505208015442,1.0,1.0,0.0
1980.0,-99.83328346768276,111.56592426774546,210.50983849355276,261.69485282768136,162.99699283772108,-83.6074132477078,98.1940728308867,21.02582400870158,3.0,0.08849310874938965,0.4341038465499878,-43.67260426282883,1.0,False,False,False,False,False,False,False,16.665705418405057,0.0,-45.0,1.327395737171173,1.0,1.0,0.0
1990.0,-101.4470362243467,111.08342992979155,211.1213006103142,245.8716018779244,162.99999999999994,-83.6074132477078,98.19407283088671,22.00880901756638,3.0,-0.12514525651931763,0.5711524486541748,-45.0,1.0,False,False,False,False,False,False,False,17.543719177746116,0.0,-45.0,0.0,1.0,1.0,0.0
2000.0,-102.86483664897004,110.18911147019395,211.3042584182407,230.04835092816754,162.99999999999994,-83.6074132477078,98.19407283088671,22.68764659487529,3.0,-0.2246406078338623,0.6169425249099731,-45.0,1.0,False,False,False,False,False,False,False,18.4486486065824,0.0,-45.0,0.0,1.0,1.0,0.0
2010.0,-103.97922432272578,108.95074495391567,211.04589534650282,214.22509997841067,162.99999999999994,-83.6074132477078,98.19407283088671,23.03728893855729,3.0,-0.32927006483078003,0.6462001800537109,-45.0,1.0,False,False,False,False,False,False,False,19.368594605732753,0.0,-45.0,0.0,1.0,1.0,0.0
2020.0,-104.70585796764875,107.46218018194658,210.36410059875453,198.4018490286538,162.99999999999994,-83.6074132477078,98.19407283088671,23.04435252879053,3.0,-0.42044007778167725,0.660981297492981,-45.0,1.0,False,False,False,False,False,False,False,20.294588779341968,0.0,-45.0,0.0,1.0,1.0,0.0
2030.0,-104.98989734100546,105.83622826939067,209.30658460221525,182.57859807889693,162.99999999999994,-83.6074132477078,98.19407283088671,22.707117072547614,3.0,-0.49459683895111084,0.6367700099945068,-45.0,1.0,False,False,False,False,False,False,False,21.216764241402142,0.0,-45.0,0.0,1.0,1.0,0.0
2040.0,-104.81011515819308,104.19611223738396,207.94836099095428,166.75534712914006,162.99999999999994,-83.6074132477078,98.19407283088671,22.035858171218162,3.0,-0.5423579812049866,0.5836286544799805,-45.0,1.0,False,False,False,False,False,False,False,22.121901465079418,0.0,-45.0,0.0,1.0,1.0,0.0
2050.0,-104.180440655717,102.66612853708365,206.38751639923123,150.9320961793832,162.99999999999994,-83.6074132477078,98.19407283088671,21.053473323184154,3.0,-0.5609849691390991,0.49649977684020996,-45.0,1.0,False,False,False,False,False,False,False,22.99228390576353,0.0,-45.0,0.0,1.0,1.0,0.0
2060.0,-103.14883723942269,101.3622272235852,204.73920987447494,135.10884522962633,162.99999999999994,-83.6074132477078,98.19407283088671,19.79657682226766,3.0,-0.4856075644493103,0.4843895435333252,-43.184002339839935,1.0,False,False,False,False,False,False,False,23.805758186687928,0.0,-35.89988976716995,-7.284112572669983,1.0,1.0,0.0
2070.0,-101.79361908176338,100.38322466277903,203.1279481144583,119.28559427986946,162.99999999999994,-83.6074132477078,98.19407283088671,18.31749077744315,3.0,-0.47470009326934814,0.4431266784667969,-29.542182683944702,1.0,False,False,False,False,False,False,False,24.53685196958974,0.0,-22.421680837869644,-7.120501846075058,1.0,1.0,0.0
2080.0,-100.21750013718214,99.803314717543,201.67839076910874,103.46234333011259,162.99999999999994,-83.6074132477078,98.19407283088671,16.687859237351464,3.0,-0.4481191039085388,0.3733389377593994,-14.650390595197678,1.0,False,False,False,False,False,False,False,25.158764639065986,0.0,-7.928603813052177,-6.7217867821455,1.0,1.0,0.0
2090.0,-98.53972428774912,99.66306035783913,200.5025934140079,88.81195273491494,162.99999999999994,-83.6074132477078,98.19407283088671,15.004393934807293,3.0,-0.49616265296936035,0.314591646194458,-0.6359166791662574,1.0,False,False,False,False,False,False,False,25.649277451821533,0.0,6.8065231293439865,-7.442439808510244,1.0,1.0,0.0
2100.0,-96.85179713247597,99.71572845897597,199.47548969783512,88.17603605574868,162.99999999999994,-83.6074132477078,98.19407283088671,13.331509304561225,3.0,-0.43417614698410034,0.35036802291870117,1.865333542227745,1.0,False,False,False,False,False,False,False,26.23442370081147,0.0,8.37797574698925,-6.512642204761505,1.0,1.0,0.0
2110.0,-95.1630078610108,99.71535102482116,198.41588509321878,90.04136959797643,162.99999999999994,-83.6074132477078,98.19407283088671,11.655301549524053,3.0,-0.42607206106185913,0.35042548179626465,1.0673316847532988,1.0,False,False,False,False,False,False,False,27.131610212041544,0.0,7.4584125727415085,-6.39108088798821,1.0,1.0,0.0
2120.0,-93.47453922124745,99.68333317123096,197.34058223165118,91.10870128272973,162.99999999999994,-83.6074132477078,98.19407283088671,9.978881266906786,3.0,-0.4240567684173584,0.35004711151123047,1.1134034860879183,1.0,False,False,False,False,False,False,False,28.296915996237658,0.0,7.4742550402879715,-6.360851554200053,1.0,1.0,0.0
2130.0,-91.7870417425303,99.61917375238262,196.24931918263053,92.22210476881764,162.99999999999994,-83.6074132477078,98.19407283088671,8.302844991312366,3.0,-0.42245543003082275,0.3497999906539917,1.3242535293102264,1.0,False,False,False,False,False,False,False,29.70321379757261,0.0,7.661084979772568,-6.336831450462341,1.0,1.0,0.0
2140.0,-90.10153803283713,99.51681852163634,195.13769100819417,93.54635829812787,162.99999999999994,-83.6074132477078,98.19407283088671,6.62746655119645,3.0,-0.3408092260360718,0.48332762718200684,2.854219414293766,1.0,False,False,False,False,False,False,False,31.32763983146662,0.0,7.966357916593552,-5.112138502299786,1.0,1.0,0.0
2150.0,-88.42300037535344,99.33600548827052,193.97660764791672,96.40057771242164,162.99999999999994,-83.6074132477078,98.19407283088671,4.949130183976377,3.0,-0.3317360281944275,0.48397111892700195,1.963671874254942,1.0,False,False,False,False,False,False,False,33.18038411033008,0.0,6.939712241292,-4.976040367037058,1.0,1.0,0.0
2160.0,-86.75218993291259,99.09638899384888,192.7811900283179,98.36424958667658,162.99999999999994,-83.6074132477078,98.19407283088671,3.27166545627,3.0,-0.32974886894226074,0.4848973751068115,2.6990450732409954,1.0,False,False,False,False,False,False,False,35.2143434510738,0.0,7.645278051495552,-4.946232978254557,1.0,1.0,0.0
2170.0,-85.09445575400308,98.78202827025405,191.54128210588402,101.06329465991757,162.99999999999994,-83.6074132477078,98.19407283088671,1.5990581647365392,3.0,-0.33236515522003174,0.48061978816986084,5.524365194141865,1.0,False,False,False,False,False,False,False,37.418661131106795,0.0,10.509842410683632,-4.985477216541767,1.0,1.0,0.0
2180.0,-83.47092256358505,98.3293721675673,190.21770231192502,106.58765985405944,162.99999999999994,14.613042157354485,-53.02890640910712,180.36017473121024,3.0,-0.32216882705688477,0.44486021995544434,35.635555386543274,1.0,False,False,False,False,False,False,False,39.82249548269338,0.0,40.46808868646622,-4.832533299922943,1.0,1.0,0.0
2190.0,-81.94934227065252,97.62468122345811,188.7573284857824,122.41091080381631,162.99999999999994,14.6130421573545,-53.02890640910712,178.94355968568755,3.0,-0.3690391778945923,0.44976305961608887,19.39540073275566,1.0,False,False,False,False,False,False,False,42.479438905275956,0.0,24.93098795413971,-5.5355872213840485,1.0,1.0,0.0
2200.0,-80.68168987404634,96.54002392776965,187.14346443707456,138.23416175357318,162.99999999999994,14.613042157354485,-53.028906409107094,177.3469787593067,3.0,-0.42669546604156494,0.4636061191558838,2.86300465464592,1.0,False,False,False,False,False,False,False,45.41370168648324,0.0,9.263436645269394,-6.400431990623474,1.0,1.0,0.0
2210.0,-79.61907156057342,95.25464700702551,185.4888177214769,141.0971664082191,162.99999999999994,14.613042157354457,-53.02890640910712,175.69207002441388,3.0,-0.43798506259918213,0.46294498443603516,-0.10232694447040558,1.0,False,False,False,False,False,False,False,48.456661405517806,0.0,6.467448994517326,-6.569775938987732,1.0,1.0,0.0
2220.0,-78.5573018605112,93.96877330043077,183.8341492504037,140.9948394637487,162.99999999999994,14.613042157354442,-53.028906409107094,174.0374409269319,3.0,-0.4369852542877197,0.45819997787475586,0.08296497340779752,1.0,False,False,False,False,False,False,False,51.506274520555024,0.0,6.637743785977364,-6.554778812569566,1.0,1.0,0.0
2230.0,-77.49771414190104,92.68139287886618,182.17942734154292,141.0778044371565,162.99999999999994,14.613042157354442,-53.02890640910712,172.38295375300768,3.0,-0.4811544418334961,0.41617488861083984,-0.5941459676250815,1.0,False,False,False,False,False,False,False,54.56173147058198,0.0,6.6231706738471985,-7.21731664147228,1.0,1.0,0.0
2240.0,-76.42486206139702,91.40486201932386,180.52555694451675,140.4836584695314,162.99999999999994,14.613042157354442,-53.02890640910711,170.73082166668146,3.0,-0.4777488708496094,0.41075849533081055,0.12650817981921136,1.0,False,False,False,False,False,False,False,57.618184291286575,0.0,7.292741239070892,-7.166233059251681,1.0,1.0,0.0
2250.0,-75.35516766351218,90.12600948124881,178.87156309326946,140.61016664935062,162.99999999999994,14.613042157354442,-53.02890640910712,169.07870570224497,3.0,-0.477638840675354,0.4063781499862671,0.07722482085227966,1.0,False,False,False,False,False,False,False,60.67939517115844,0.0,7.24180743098259,-7.16458261013031,1.0,1.0,0.0
2260.0,-74.2875129543329,88.84574277681156,177.2175192546897,140.6873914702029,162.99999999999994,14.613042157354457,-53.028906409107094,167.4267743844862,3.0,-0.4502221345901489,0.417987585067749,0.48746755812317133,1.0,False,False,False,False,False,False,False,63.74442274343378,0.0,7.240799590945244,-6.7533320328220725,1.0,1.0,0.0
2270.0,-73.2312705728672,87.55660318681214,175.56288414950916,141.17485902832607,162.99999999999994,14.613042157354457,-53.028906409107094,165.77366735217413,3.0,-0.45193010568618774,0.41423749923706055,0.047145633143372834,1.0,False,False,False,False,False,False,False,66.81484441446342,0.0,6.826097220182419,-6.778951587039046,1.0,1.0,0.0
2280.0,-72.1763899624,86.26661039053329,173.90823936244448,141.22200466146944,162.99999999999994,14.613042157354442,-53.028906409107094,164.12082905027125,3.0,-0.4514392614364624,0.4100109338760376,0.08103333238977939,1.0,False,False,False,False,False,False,False,69.8878371436687,0.0,6.852622255682945,-6.771588923293166,1.0,1.0,0.0
2290.0,-71.1236484161417,84.9751531549143,172.25354449812383,141.30303799385922,162.99999999999994,14.613042157354414,-53.02890640910715,162.46815246886203,3.0,-0.46889036893844604,0.40175485610961914,-0.18751055002212524,1.0,False,False,False,False,False,False,False,72.50103824586742,0.0,6.845844984054565,-7.033355534076691,1.0,1.0,0.0
2300.0,-70.06689330186562,83.68708854374078,170.59913103907343,141.1155274438371,162.99999999999994,14.613042157354414,-53.02890640910711,160.816525100267,3.0,-0.4671105146408081,0.3973093032836914,0.10433167568407953,1.0,False,False,False,False,False,False,False,74.77000982286593,0.0,7.1109893918037415,-7.006657716119662,1.0,1.0,0.0
2310.0,-69.012806779408,82.39713455690533,168.94463641937853,141.21985911952117,162.99999999999994,14.61304215735447,-53.02890640910711,159.1649935825158,3.0,-0.46681737899780273,0.39310216903686523,0.08246786892414093,1.0,False,False,False,False,False,False,False,77.08078716308258,0.0,7.084728553891182,-7.002260684967041,1.0,1.0,0.0
2320.0,-67.96089008606059,81.10569015938891,167.29008935942676,141.30232698844532,162.99999999999994,14.613042157354457,-53.02890640910711,157.51363205365206,3.0,-0.4663785696029663,0.38889801502227783,0.08533313870429993,1.0,False,False,False,False,False,False,False,79.42932681112158,0.0,7.0810116827487946,-6.995678544044495,1.0,1.0,0.0
2330.0,-66.91121025610907,79.81270638481674,165.63548707335116,141.38766012714962,162.99999999999994,14.613042157354442,-53.02890640910711,155.86243236028656,3.0,-0.4659269452095032,0.38471364974975586,0.08619725529570132,1.0,False,False,False,False,False,False,False,81.81244956429424,0.0,7.075101435184479,-6.988904179888777,1.0,1.0,0.0
2340.0,-65.86378855612999,78.51817055659764,163.98082934887134,141.47385738244532,162.99999999999994,14.613042157354457,-53.02890640910711,154.2113930288806,3.0,-0.4654555320739746,0.38054800033569336,0.08717849850654602,1.0,False,False,False,False,False,False,False,84.22725488834836,0.0,7.069011479616165,-6.981832981109619,1.0,1.0,0.0
2350.0,-64.818648995321,77.22206798678832,162.3261159044617,141.56103588095186,162.99999999999994,14.6130421573545,-53.028906409107094,152.56051222532724,3.0,-0.46496784687042236,0.3764016628265381,0.08811749168671668,1.0,False,False,False,False,False,False,False,86.6711307789608,0.0,7.062635198235512,-6.974517706548795,1.0,1.0,0.0
2360.0,-63.775814669804035,75.92438484942647,160.67134658511955,141.64915337263858,162.99999999999994,14.61304215735447,-53.028906409107094,150.90978828782758,3.0,-0.46446728706359863,0.37227654457092285,0.0890189444180578,1.0,False,False,False,False,False,False,False,89.14172087314934,0.0,7.056028246879578,-6.96700930246152,1.0,1.0,0.0
2370.0,-62.735307867625245,74.6251080917453,159.0165213567249,141.73817231705664,162.99999999999994,14.61304215735445,-53.02890640910714,149.25921971446394,3.0,-0.46395671367645264,0.36817407608032227,0.08989088237285614,1.0,False,False,False,False,False,False,False,91.63689761711507,0.0,7.049241587519646,-6.9593507051467896,1.0,1.0,0.0
2380.0,-61.69715025063695,73.32422528684252,157.36164029726413,141.8280631994295,162.99999999999994,14.61304215735447,-53.02890640910708,147.60880513952634,3.0,-0.4634387493133545,0.36409616470336914,0.09073824039660394,1.0,False,False,False,False,False,False,False,94.15473817711649,0.0,7.042319476604462,-6.951581236207858,1.0,1.0,0.0
2390.0,-60.66136296591303,72.02172454274732,155.70670359231818,141.9188014398261,162.99999999999994,14.613042157354514,-53.02890640910711,145.95854332007667,3.0,-0.4629162549972534,0.3600451946258545,0.0915569846983999,1.0,False,False,False,False,False,False,False,96.69350280298725,0.0,7.0353008061647415,-6.943743821466342,1.0,1.0,0.0
2400.0,-59.627966550539135,70.71759457164067,154.0517115403631,142.0103584245245,162.99999999999994,14.613042157354464,-53.028906409107094,144.30843315254913,3.0,-0.4623919725418091,0.356023907661438,0.09235158911906183,1.0,False,False,False,False,False,False,False,99.25161535856685,0.0,7.028231173753738,-6.935879584634677,1.0,1.0,0.0
2410.0,-58.59698103256091,69.41182460739414,152.39666454910756,142.10271001364356,162.99999999999994,14.613042157354421,-53.02890640910714,142.65847366112942,3.0,-0.4618685245513916,0.35203468799591064,0.09312495589256287,1.0,False,False,False,False,False,False,False,101.82764610569058,0.0,7.021152824163437,-6.928027868270874,1.0,1.0,0.0
2420.0,-57.568425996038066,68.10440435161965,150.74156313395952,142.19583496953612,162.99999999999994,14.613042157354492,-53.028906409107094,141.00866399138042,3.0,-0.4613485336303711,0.34808051586151123,0.09387597441673279,1.0,False,False,False,False,False,False,False,104.42029636055528,0.0,7.014103978872299,-6.920228004455566,1.0,1.0,0.0
2430.0,-56.54232055344248,66.79532399106333,149.0864079207107,142.28971094395285,162.99999999999994,14.613042157354457,-53.02890640910712,139.35900341742618,3.0,-0.4608345031738281,0.3441636562347412,0.0946106796618551,1.0,False,False,False,False,False,False,False,107.02838479367216,0.0,7.007128223776817,-6.912517544114962,1.0,1.0,0.0
2440.0,-55.51868348357681,65.48457408878117,147.43119964169824,142.3843216236147,162.99999999999994,14.61304215735447,-53.02890640910711,137.70949132539195,3.0,-0.46032899618148804,0.3402867317199707,0.09532682946883142,1.0,False,False,False,False,False,False,False,109.65083536280936,0.0,7.000261768698692,-6.904934939229861,1.0,1.0,0.0
2450.0,-54.497533178058916,64.1721456219745,145.7759391401722,142.47964845308354,162.99999999999994,14.613042157354485,-53.028906409107094,136.06012722463603,3.0,-0.4592299461364746,0.3359501361846924,0.10509632527828217,1.0,False,False,False,False,False,False,False,112.28666647355638,0.0,6.993545517325401,-6.888449192047119,1.0,1.0,0.0
2460.0,-53.47909843949452,62.85787077497296,144.1206197770898,142.58474477836182,162.99999999999994,14.613042157354485,-53.0289064091071,134.41088027824858,3.0,-0.45754969120025635,0.33110153675079346,0.11459179571829736,1.0,False,False,False,False,False,False,False,114.93510924610926,0.0,6.977837160229683,-6.863245364511386,1.0,1.0,0.0
2470.0,-52.463602489865075,61.541587766533624,142.46523618419621,142.69933657408012,162.99999999999994,14.613042157354464,-53.028906409107094,132.76172035937125,3.0,-0.45596975088119507,0.3262993097305298,0.11377550312317908,1.0,False,False,False,False,False,False,False,117.5954577649451,0.0,6.953321769833565,-6.839546266710386,1.0,1.0,0.0
2480.0,-51.451029161089444,60.22331611077104,140.80979189596735,142.8131120772033,162.99999999999994,14.61304215735445,-53.02890640910712,131.1126516582608,3.0,-0.45440804958343506,0.3215404748916626,0.1142265647649765,1.0,False,False,False,False,False,False,False,120.26692679390567,0.0,6.930347308516502,-6.816120743751526,1.0,1.0,0.0
2490.0,-50.441391754928475,58.90305315293256,139.15428953754926,142.92733864196828,162.99999999999994,14.613042157354457,-53.02890640910712,129.4636742219441,3.0,-0.45287948846817017,0.31682777404785156,0.11447555967606604,1.0,False,False,False,False,False,False,False,122.94881259092834,0.0,6.907667890191078,-6.793192330515012,1.0,1.0,0.0
2500.0,-49.43469887746509,57.58079981693974,137.49873201104472,143.04181420164434,162.99999999999994,14.613042157354464,-53.028906409107115,127.81478882772407,3.0,-0.4514111280441284,0.31220996379852295,0.11434592306613922,1.0,False,False,False,False,False,False,False,125.64046597459362,0.0,6.8855128437280655,-6.771166920661926,1.0,1.0,0.0
2510.0,-48.43095028642673,56.25656362612352,135.84312257776335,143.15616012471048,162.99999999999994,14.613042157354485,-53.028906409107094,126.16599757491252,3.0,-0.45000576972961426,0.30769312381744385,0.11420532711781561,1.0,False,False,False,False,False,False,False,128.34128484450997,0.0,6.864291876554489,-6.7500865494366735,1.0,1.0,0.0
2520.0,-47.430145453963256,54.93035228306751,134.1874645891803,143.2703654518283,162.99999999999994,14.613042157354485,-53.02890640910709,124.51730267853158,3.0,-0.44864165782928467,0.30322837829589844,0.11442571878433228,1.0,False,False,False,False,False,False,False,131.05071432094692,0.0,6.844050586223602,-6.72962486743927,1.0,1.0,0.0
2530.0,-46.432292283670016,53.60216726056041,132.53176129413606,143.38479117061263,162.99999999999994,14.61304215735447,-53.02890640910711,122.86870524654596,3.0,-0.44732666015625,0.29881560802459717,0.11455848813056946,1.0,False,False,False,False,False,False,False,133.76824691392227,0.0,6.8244583904743195,-6.70989990234375,1.0,1.0,0.0
2540.0,-45.43739662503972,52.27201157512899,130.87601612492855,143.4993496587432,162.99999999999994,14.61304215735445,-53.0289064091071,121.2202067572931,3.0,-0.44624412059783936,0.2941502332687378,0.11197485029697418,1.0,False,False,False,False,False,False,False,136.4934127764248,0.0,6.8056366592645645,-6.69366180896759,1.0,1.0,0.0
2550.0,-44.44540049818034,50.93993481009062,129.22023383690458,143.61132450904017,162.99999999999994,14.613042157354464,-53.02890640910712,119.57181772206962,3.0,-0.44519996643066406,0.28951382637023926,0.11237539001740515,1.0,False,False,False,False,False,False,False,139.22574518707287,0.0,6.790374889969826,-6.677999499952421,1.0,1.0,0.0
2560.0,-43.456315879300874,49.605935208716794,127.56441780342593,143.72369989905758,162.99999999999994,14.613042157354464,-53.02890640910709,117.92353902722333,3.0,-0.4442179203033447,0.2849268913269043,0.11245652684010565,1.0,False,False,False,False,False,False,False,141.96484637792236,0.0,6.775725334882736,-6.6632688080426306,1.0,1.0,0.0
2570.0,-42.47014724050368,48.27001651985455,125.90857168958098,143.83615642589768,162.99999999999994,14.61304215735445,-53.02890640910712,116.27537270806513,3.0,-0.4432991147041321,0.28038692474365234,0.11256270459853113,1.0,False,False,False,False,False,False,False,144.71034389141312,0.0,6.762049421668053,-6.6494867170695215,1.0,1.0,0.0
2580.0,-41.48689963467415,46.93218208526423,124.25269930159266,143.94871913049622,162.99999999999994,14.613042157354442,-53.02890640910714,114.62732083604038,3.0,-0.44244861602783203,0.2758910655975342,0.1126360148191452,1.0,False,False,False,False,False,False,False,147.46189221893172,0.0,6.749365255236626,-6.6367292404174805,1.0,1.0,0.0
2590.0,-40.506577331338974,45.59243582582111,122.59680461563292,144.06135514531536,162.99999999999994,14.613042157354485,-53.028906409107094,112.97938571614377,3.0,-0.44167137145996094,0.2714354991912842,0.11268273345194757,1.0,False,False,False,False,False,False,False,150.2191698456851,0.0,6.737753301858902,-6.625070568406954,1.0,1.0,0.0
2600.0,-39.529183961240335,44.250782129414446,120.94089178088063,144.1740378787673,162.99999999999994,14.613042157354485,-53.028906409107094,111.33156987678208,3.0,-0.4409720301628113,0.26701605319976807,0.11271022609435022,1.0,False,False,False,False,False,False,False,152.98187728096468,0.0,6.72729067504406,-6.6145804489497095,1.0,1.0,0.0
2610.0,-38.55472268759338,42.90722572186304,119.2849651244721,144.28674810486166,162.99999999999994,14.61304215735447,-53.02890640910711,109.68387605686915,3.0,-0.6699060201644897,0.5261030197143555,-3.330540508031845,1.0,False,False,False,False,False,False,False,155.74973529167315,0.0,6.718049794435501,-10.048590302467346,1.0,1.0,0.0
2620.0,-37.50782248183102,41.61863318822477,117.63213706683072,140.9562075968298,162.99999999999994,14.61304215735445,-53.028906409107115,108.0497167167263,3.0,-0.649391233921051,0.5175895690917969,0.4620601236820221,1.0,False,False,False,False,False,False,False,158.4859901671509,0.0,10.202928632497787,-9.740868508815765,1.0,1.0,0.0
2630.0,-36.46730345375901,40.3250979630897,115.97888450849305,141.41826772051184,162.99999999999994,14.613042157354464,-53.02890640910711,106.41509216307122,3.0,-0.6527619957923889,0.5179113149642944,0.10422415682114661,1.0,False,False,False,False,False,False,False,161.22982571058006,0.0,9.89565409719944,-9.791429940378293,1.0,1.0,0.0
2640.0,-35.429432414754054,39.02968772283907,114.32556014291683,141.52249187733298,162.99999999999994,14.61304215735447,-53.02890640910711,104.78088573232488,3.0,-0.5165859460830688,0.6062412261962891,2.2004929929971695,1.0,False,False,False,False,False,False,False,163.97890778033954,0.0,9.949282184243202,-7.748789191246033,1.0,1.0,0.0
2650.0,-34.441285537812966,37.696764427356406,112.66995114491615,143.72298487033015,162.99999999999994,14.613042157354478,-53.0289064091071,103.13813268792099,3.0,-0.5319450497627258,0.6093463897705078,-0.10174043127335608,1.0,False,False,False,False,False,False,False,166.75509082866463,0.0,7.877435311675072,-7.979175742948428,1.0,1.0,0.0
2660.0,-33.452466154352834,36.36451771775451,111.01437663210952,143.6212444390568,162.99999999999994,14.613042157354478,-53.02890640910711,101.49619385172909,3.0,-0.5302459597587585,0.6092495918273926,0.1588106935378164,1.0,False,False,False,False,False,False,False,169.53398400572772,0.0,8.112500086426735,-7.9536893928889185,1.0,1.0,0.0
2670.0,-32.46763817929894,35.02955576304023,109.35873074255997,143.7800551325946,162.99999999999994,14.613042157354442,-53.0289064091071,99.85430997751496,3.0,-0.5309499502182007,0.6095293760299683,0.12439459911547601,1.0,False,False,False,False,False,False,False,172.31745699771494,0.0,8.088643848896027,-7.964249249780551,1.0,1.0,0.0
2680.0,-31.485998530006512,33.69247414986639,107.70303776295715,143.9044497317101,162.99999999999994,14.613042157354464,-53.0289064091071,98.21262341648995,3.0,-0.5770769715309143,0.5604615211486816,-0.5546622583642602,1.0,False,False,False,False,False,False,False,175.10495916837775,0.0,8.101492300629616,-8.656154558993876,1.0,1.0,0.0
2690.0,-30.49164036546237,32.36489232888406,106.04771925280673,143.34978747334583,162.99999999999994,14.613042157354439,-53.02890640910713,96.57397811205999,3.0,-0.5723857879638672,0.5603389739990234,0.22158040897920728,1.0,False,False,False,False,False,False,False,177.88955412540446,0.0,8.807367235422134,-8.585786826442927,1.0,1.0,0.0
2700.0,-29.502725279112063,31.033500490227937,104.39226582371212,143.57136788232503,162.99999999999994,14.61304215735445,-53.02890640910711,94.93518415328309,3.0,-0.5744308829307556,0.5615212917327881,0.1217781042214483,1.0,False,False,False,False,False,False,False,180.67896971674082,0.0,8.738241344690323,-8.616463240468875,1.0,1.0,0.0
2710.0,-28.516927133813336,29.700023184061063,102.73675564222526,143.69314598654648,162.99999999999994,14.613042157354446,-53.02890640910712,93.29667755439341,3.0,-0.5756416320800781,0.5625402927398682,0.13735838583670557,1.0,False,False,False,False,False,False,False,183.47202374449157,0.0,8.771982863545418,-8.634624477708712,1.0,1.0,0.0
2720.0,-27.534614438345155,28.364200825577935,101.08118267583943,143.8305043723832,162.99999999999994,14.613042157354453,-53.02890640910711,91.65840311627713,3.0,-0.5769994854927063,0.5635874271392822,0.13810224831104279,1.0,False,False,False,False,False,False,False,186.2687100596267,0.0,8.793094530701637,-8.654992282390594,1.0,1.0,0.0
2730.0,-26.555808842549258,27.02602845506193,99.42555137345065,143.96860662069423,162.99999999999994,14.61304215735446,-53.02890640910711,90.02036929916818,3.0,-0.6242666244506836,0.6084668636322021,-0.5474395304918289,1.0,False,False,False,False,False,False,False,189.06888268996192,0.0,8.816559836268425,-9.363999366760254,1.0,1.0,0.0
2740.0,-25.564458891234658,25.697217109461985,97.77031870340097,143.4211670902024,162.99999999999994,14.613042157354457,-53.02890640910711,88.38571216418623,3.0,-0.6172802448272705,0.6034319400787354,0.28235255973413587,1.0,False,False,False,False,False,False,False,191.86592583378453,0.0,9.541556239128113,-9.259203679393977,1.0,1.0,0.0
2750.0,-24.579969922973465,24.363562431118424,96.11490077153137,143.70351964993654,162.99999999999994,14.61304215735446,-53.028906409107094,86.7507142859009,3.0,-0.6204996705055237,0.60361647605896,0.13046756037510931,1.0,False,False,False,False,False,False,False,194.66769639520408,0.0,9.437962621450424,-9.307495061075315,1.0,1.0,0.0
2760.0,-23.598801118806353,23.02768071159407,94.4594201516283,143.83398721031165,162.99999999999994,14.61304215735446,-53.028906409107094,85.11609372504523,3.0,-0.623040497303009,0.6039860248565674,0.1448419690132141,1.0,False,False,False,False,False,False,False,197.4725963191437,0.0,9.49044942855835,-9.345607459545135,1.0,1.0,0.0
2770.0,-22.621293441378313,21.689334698143764,92.80387186879986,143.97882917932486,162.99999999999994,14.61304215735447,-53.02890640910711,83.48180221844959,3.0,-0.6256899833679199,0.6042927503585815,0.1473712921142578,1.0,False,False,False,False,False,False,False,200.28063201028047,0.0,9.532721042633057,-9.385349750518799,1.0,1.0,0.0
2780.0,-21.647511041379083,20.348490135983173,91.14825987293858,144.12620047143912,162.99999999999994,14.613042157354457,-53.02890640910711,81.84784689907005,3.0,-0.6458624601364136,0.5651371479034424,-0.11111565283499658,1.0,False,False,False,False,False,False,False,203.0917030551197,0.0,9.576821252703667,-9.687936905538663,1.0,1.0,0.0
2790.0,-20.671383805336077,19.009528618705502,89.49273288333569,144.01508481860412,162.99999999999994,14.613042157354478,-53.028906409107094,80.21550247161062,3.0,-0.6475449204444885,0.5655313730239868,0.17612815601751208,1.0,False,False,False,False,False,False,False,205.9034038632371,0.0,9.88930195569992,-9.713173799682409,1.0,1.0,0.0
2800.0,-19.699657014522828,17.66758464643695,87.83712526207296,144.19121297462164,162.99999999999994,14.61304215735447,-53.02890640910711,78.58342810049948,3.0,-0.7476036548614502,0.5744249820709229,-1.294988365843892,1.0,False,False,False,False,False,False,False,208.7182195394383,0.0,9.919066429138184,-11.214054794982076,1.0,1.0,0.0
2810.0,-18.698008025197453,16.347863577238673,86.18269659979508,142.89622460877774,162.99999999999994,14.613042157354464,-53.02890640910712,76.95948465265877,3.0,-0.745801568031311,0.5745627880096436,0.26889906032010913,1.0,False,False,False,False,False,False,False,211.52286548447083,0.0,11.455922573804855,-11.187023513484746,1.0,1.0,0.0
2820.0,-17.702850889809834,15.023472173819908,84.52802249573476,143.16512366909785,162.99999999999994,14.61304215735446,-53.02890640910712,75.33553725984694,3.0,-0.7471625804901123,0.574164628982544,0.22589296102523804,1.0,False,False,False,False,False,False,False,214.33157765932435,0.0,11.433331668376923,-11.207438707351685,1.0,1.0,0.0
2830.0,-16.71320469095777,13.695179922949574,82.87316625625631,143.3910166301231,162.99999999999994,14.61304215735446,-53.02890640910711,73.71185412434791,3.0,-0.5762089490890503,0.6141433715820312,2.8162939846515656,1.0,False,False,False,False,False,False,False,217.14381511302287,0.0,11.45942822098732,-8.643134236335754,1.0,1.0,0.0
2840.0,-15.787509881273083,12.322020595601696,81.21741561345671,146.20731061477466,162.99999999999994,14.61304215735448,-53.02890640910711,72.07591292955006,3.0,-0.5963684320449829,0.6017007827758789,-0.10018184781074524,1.0,False,False,False,False,False,False,False,219.97952468542002,0.0,8.845344632863998,-8.945526480674744,1.0,1.0,0.0
2850.0,-14.862610453531694,10.948458727352579,79.5616412463442,146.1071287669639,162.99999999999994,14.613042157354464,-53.02890640910711,70.44087837783916,3.0,-0.5957726240158081,0.6023339033126831,0.21981172263622284,1.0,False,False,False,False,False,False,False,222.81644671067775,0.0,9.156401082873344,-8.936589360237122,1.0,1.0,0.0
2860.0,-13.943254854371226,9.57136691320793,77.90595760100501,146.32694048960013,162.99999999999994,14.61304215735446,-53.028906409107115,68.80593229548192,3.0,-0.5992544889450073,0.6007688045501709,0.16324594616889954,1.0,False,False,False,False,False,False,False,225.65595305596497,0.0,9.15206328034401,-8.98881733417511,1.0,1.0,0.0
2870.0,-13.028089063959266,8.191666653151456,76.25036162331352,146.49018643576903,162.99999999999994,14.613042157354476,-53.0289064091071,67.17135327850127,3.0,-0.42243075370788574,0.6548844575881958,2.874143198132515,1.0,False,False,False,False,False,False,False,228.4975391135419,0.0,9.210604503750801,-6.336461305618286,1.0,1.0,0.0
2880.0,-12.18042366850139,6.769832001757375,74.5982651321138,149.36432963390155,162.99999999999994,14.613042157354442,-53.02890640910712,65.52693283293752,3.0,-0.47193360328674316,0.6450514793395996,-0.578610822558403,1.0,False,False,False,False,False,False,False,231.3577002023343,0.0,6.5003932267427444,-7.0790040493011475,1.0,1.0,0.0
2890.0,-11.321840999924513,5.354647957138844,72.94543429868675,148.78571881134314,162.99999999999994,14.613042157354462,-53.028906409107115,63.88472105924945,3.0,-0.24179232120513916,0.6170322895050049,3.635859377682209,1.0,False,False,False,False,False,False,False,234.21580720198904,0.0,7.2627440840005875,-3.6268847063183784,1.0,1.0,0.0
2900.0,-10.548644358655084,3.8914051051174736,71.30188775162792,152.42157818902535,162.99999999999994,14.613042157354458,-53.02890640910711,62.2336912870055,3.0,-0.22342908382415771,0.6291782855987549,0.37910744547843933,1.0,False,False,False,False,False,False,False,237.0916558943499,0.0,3.730543702840805,-3.3514362573623657,1.0,1.0,0.0
2910.0,-9.791818853705655,2.4196512194369344,69.66118789979373,152.8006856345038,162.99999999999994,14.613042157354437,-53.02890640910712,60.58167861701368,3.0,-0.22238314151763916,0.6291365623474121,0.10758395888842642,1.0,False,False,False,False,False,False,False,239.97046423673007,0.0,3.4433310851454735,-3.335747126257047,1.0,1.0,0.0
2920.0,-9.037983261872318,0.9464797228179856,68.02162730277371,152.90826959339222,162.99999999999994,14.613042157354455,-53.02890640910711,58.92973198200822,3.0,-0.3517155647277832,0.6237872838973999,-1.8461550772190094,1.0,False,False,False,False,False,False,False,242.84992561324665,0.0,3.4295783936977386,-5.275733470916748,1.0,1.0,0.0
2930.0,-8.237966889349952,-0.5020166019040057,66.37606194149542,151.0621145161732,162.99999999999994,14.613042157354467,-53.02890640910711,57.282133054475416,3.0,-0.35199475288391113,0.6189332008361816,0.14726210734806955,1.0,False,False,False,False,False,False,False,245.72183612837716,0.0,5.427183397114277,-5.279921289766207,1.0,1.0,0.0
2940.0,-7.441239609489587,-1.952198861061407,64.73139837064981,151.20937662352128,162.99999999999994,14.613042157354476,-53.02890640910711,55.634713967090185,3.0,-0.29361575841903687,0.6324186325073242,1.0323058906942606,1.0,False,False,False,False,False,False,False,248.59463341552515,0.0,5.436542294919491,-4.40423640422523,1.0,1.0,0.0
2950.0,-6.670987183356989,-3.416503467044151,63.0911602430356,152.24168251421554,162.99999999999994,14.613042157354474,-53.0289064091071,53.98518714112125,3.0,-0.29363203048706055,0.6342852115631104,0.13420377275906503,1.0,False,False,False,False,False,False,False,251.4722148394883,0.0,4.538684226572514,-4.4044804538134485,1.0,1.0,0.0
2960.0,-5.904390405146304,-4.8826092150076645,61.452282292016754,152.3758862869746,162.99999999999994,14.613042157354446,-53.028906409107115,52.33575233489355,3.0,-0.2940927743911743,0.6340322494506836,0.13155631721019745,1.0,False,False,False,False,False,False,False,254.3505647506953,0.0,4.542947933077812,-4.411391615867615,1.0,1.0,0.0
2970.0,-5.141383812129049,-6.35047276651793,59.81487297840585,152.5074426041848,162.99999999999994,14.613042157354474,-53.0289064091071,50.68642335684582,3.0,-0.2028369903564453,0.721564769744873,1.511803474277258,1.0,False,False,False,False,False,False,False,257.2296439305999,0.0,4.554358385503292,-3.042554911226034,1.0,1.0,0.0
2980.0,-4.417539817496326,-7.837978705966333,58.185828544433335,154.01924607846206,162.99999999999994,14.613042157354464,-53.02890640910711,49.03450822606475,3.0,-0.22248899936676025,0.724395751953125,-0.19327539252117276,1.0,False,False,False,False,False,False,False,260.1142148986219,0.0,3.1440595909953117,-3.3373349835164845,1.0,1.0,0.0
2990.0,-3.6889065474965688,-9.323030932348098,56.557263791753364,153.8259706859409,162.99999999999994,14.613042157354446,-53.028906409107115,47.38317082662328,3.0,-0.22353368997573853,0.7254201173782349,0.09939931333065033,1.0,False,False,False,False,False,False,False,262.9982941361588,0.0,3.452404662966728,-3.353005349636078,1.0,1.0,0.0
