waypoint_reached,flight_time,intrusion_events,intrusion_time,restricted_area_events,time_in_restricted_area,sector_exit_events,time_outside_sector,total_reward
1.0,632.0,3.0,248.0,0.0,0.0,0.0,0.0,-197.12334362666488
1.0,646.0,1.0,46.0,0.0,0.0,0.0,0.0,-6.092702205180366
1.0,652.0,0.0,0.0,0.0,0.0,0.0,0.0,37.41016712727195
1.0,683.0,0.0,0.0,1.0,329.0,0.0,0.0,-127.09108209207517
1.0,690.0,1.0,59.0,0.0,0.0,0.0,0.0,-18.38820542610174
1.0,706.0,6.0,350.0,0.0,0.0,0.0,0.0,-293.58559911998697
1.0,719.0,1.0,59.0,0.0,0.0,0.0,0.0,-18.388245164692954
1.0,744.0,2.0,151.0,0.0,0.0,0.0,0.0,-105.39222297133043
1.0,769.0,3.0,271.0,0.0,0.0,0.0,0.0,-218.8750334794964
1.0,782.0,1.0,46.0,0.0,0.0,0.0,0.0,-6.094475230961315
1.0,783.0,0.0,0.0,1.0,180.0,0.0,0.0,-52.591835175743874
1.0,804.0,1.0,59.0,0.0,0.0,0.0,0.0,-18.388188661654148
1.0,847.0,0.0,0.0,1.0,276.0,0.0,0.0,-100.59305619155803
1.0,857.0,0.0,0.0,1.0,30.0,0.0,0.0,22.406934752611757
1.0,886.0,3.0,606.0,0.0,0.0,0.0,0.0,-535.6861511553578
1.0,891.0,4.0,552.0,0.0,0.0,0.0,0.0,-484.61867489943984
1.0,899.0,2.0,207.0,0.0,0.0,0.0,0.0,-158.3526556276611
1.0,899.0,2.0,230.0,0.0,0.0,0.0,0.0,-180.10326298675045
1.0,947.0,0.0,0.0,0.0,0.0,0.0,0.0,37.40533035307515
1.0,1082.0,0.0,0.0,0.0,0.0,0.0,0.0,37.40437562537391
1.0,649.0,0.0,0.0,0.0,0.0,0.0,0.0,37.40993309514903
1.0,704.0,0.0,0.0,1.0,181.0,0.0,0.0,-53.091498987692894
1.0,715.0,0.0,0.0,0.0,0.0,0.0,0.0,37.40867013311713
1.0,735.0,1.0,45.0,2.0,298.0,0.0,0.0,-154.1483661148451
1.0,810.0,0.0,0.0,0.0,0.0,0.0,0.0,37.407938522927054
1.0,633.0,1.0,56.0,0.0,0.0,0.0,0.0,-15.55056548503213
1.0,706.0,0.0,0.0,0.0,0.0,0.0,0.0,37.40858749604416
1.0,729.0,1.0,56.0,1.0,33.0,0.0,0.0,-32.050642603094694
1.0,949.0,0.0,0.0,0.0,0.0,0.0,0.0,37.40555952076203
1.0,761.0,0.0,0.0,1.0,206.0,0.0,0.0,-65.59273601801124
1.0,970.0,1.0,60.0,0.0,0.0,0.0,0.0,-19.335142782164105
1.0,787.0,0.0,0.0,1.0,341.0,0.0,0.0,-133.0927510350308
1.0,804.0,0.0,0.0,1.0,273.0,0.0,0.0,-99.09232155937778
1.0,1000.0,2.0,111.0,1.0,19.0,0.0,0.0,-77.06715863650776
1.0,1004.0,1.0,45.0,1.0,162.0,0.0,0.0,-86.15126307981515
1.0,1037.0,1.0,51.0,2.0,478.0,0.0,0.0,-249.82595135602534
1.0,1009.0,1.0,41.0,3.0,538.0,0.0,0.0,-270.36886979685005
1.0,1022.0,0.0,0.0,3.0,628.0,0.0,0.0,-276.5946759085174
1.0,1044.0,1.0,41.0,4.0,464.0,0.0,0.0,-233.36916625802706
1.0,1052.0,0.0,0.0,2.0,557.0,0.0,0.0,-241.0949906494739
1.0,666.0,1.0,31.0,1.0,35.0,0.0,0.0,-9.407339397141236
1.0,703.0,2.0,76.0,1.0,22.0,0.0,0.0,-45.46454822229173
1.0,800.0,5.0,440.0,1.0,19.0,0.0,0.0,-388.19978122318184
1.0,813.0,1.0,35.0,1.0,33.0,0.0,0.0,-12.19289124196257
1.0,833.0,1.0,57.0,1.0,22.0,0.0,0.0,-27.497876170913464
1.0,646.0,0.0,0.0,1.0,45.0,0.0,0.0,14.909749566951014
1.0,664.0,3.0,370.0,1.0,131.0,0.0,0.0,-377.9984580366583
1.0,880.0,1.0,103.0,2.0,461.0,0.0,0.0,-290.50080521405
1.0,895.0,2.0,280.0,1.0,17.0,0.0,0.0,-235.8881285319423
1.0,919.0,1.0,35.0,1.0,18.0,0.0,0.0,-4.694009917660495
1.0,930.0,2.0,156.0,0.0,0.0,0.0,0.0,-110.12161762114803
1.0,806.0,3.0,359.0,1.0,150.0,0.0,0.0,-377.0976823621339
1.0,1034.0,2.0,117.0,1.0,18.0,0.0,0.0,-82.24158168507637
1.0,841.0,0.0,0.0,1.0,11.0,0.0,0.0,31.907878617112218
1.0,854.0,2.0,111.0,1.0,153.0,0.0,0.0,-144.0645800199684
1.0,858.0,0.0,0.0,0.0,0.0,0.0,0.0,37.40608899803727
1.0,907.0,2.0,99.0,2.0,181.0,0.0,0.0,-146.71865581352634
1.0,991.0,1.0,61.0,1.0,100.0,0.0,0.0,-70.28264057203145
1.0,996.0,3.0,162.0,1.0,166.0,0.0,0.0,-198.79690355762847
1.0,1030.0,0.0,0.0,4.0,553.0,0.0,0.0,-239.09559045835073
1.0,632.0,2.0,77.0,1.0,81.0,0.0,0.0,-75.90932991795569
1.0,689.0,2.0,53.0,0.0,0.0,0.0,0.0,-12.713085885092603
1.0,695.0,0.0,0.0,1.0,16.0,0.0,0.0,29.40838291561626
1.0,728.0,3.0,103.0,1.0,33.0,0.0,0.0,-76.49827639054692
1.0,786.0,1.0,29.0,0.0,0.0,0.0,0.0,9.98287810108559
1.0,801.0,0.0,0.0,0.0,0.0,0.0,0.0,37.40713804234685
1.0,809.0,1.0,49.0,0.0,0.0,0.0,0.0,-8.932127817603792
1.0,859.0,1.0,49.0,1.0,237.0,0.0,0.0,-127.43158161005125
1.0,711.0,1.0,52.0,0.0,0.0,0.0,0.0,-11.767069326554555
1.0,731.0,0.0,0.0,0.0,0.0,0.0,0.0,37.40835504331655
1.0,964.0,2.0,122.0,0.0,0.0,0.0,0.0,-77.96958630099444
1.0,805.0,2.0,106.0,0.0,0.0,0.0,0.0,-62.836170871844146
1.0,813.0,1.0,54.0,1.0,198.0,0.0,0.0,-112.66069427774038
1.0,821.0,0.0,0.0,0.0,0.0,0.0,0.0,37.407972384997635
1.0,830.0,1.0,90.0,1.0,376.0,0.0,0.0,-235.70561804076974
1.0,835.0,0.0,0.0,1.0,13.0,0.0,0.0,30.907259391229168
1.0,845.0,2.0,247.0,1.0,246.0,0.0,0.0,-319.18048062835896
1.0,1066.0,0.0,0.0,0.0,0.0,0.0,0.0,37.40558795540681
1.0,1001.0,1.0,157.0,3.0,507.0,0.0,0.0,-364.5684174654135
1.0,1006.0,0.0,0.0,0.0,0.0,0.0,0.0,37.405262242720134
1.0,655.0,0.0,0.0,1.0,17.0,0.0,0.0,28.909715173027102
1.0,655.0,1.0,49.0,0.0,0.0,0.0,0.0,-8.929678447910547
1.0,693.0,0.0,0.0,0.0,0.0,0.0,0.0,37.409476720411625
1.0,704.0,1.0,97.0,2.0,145.0,0.0,0.0,-126.82370287493467
1.0,630.0,1.0,49.0,0.0,0.0,0.0,0.0,-8.930112010932262
1.0,752.0,0.0,0.0,1.0,117.0,0.0,0.0,-21.091902251955702
1.0,892.0,0.0,0.0,1.0,42.0,0.0,0.0,16.406587771479096
1.0,775.0,1.0,64.0,0.0,0.0,0.0,0.0,-23.116557939934395
1.0,782.0,1.0,34.0,0.0,0.0,0.0,0.0,5.253996072572029
1.0,925.0,0.0,0.0,0.0,0.0,0.0,0.0,37.4058821647436
1.0,817.0,1.0,221.0,0.0,0.0,0.0,0.0,-171.59202675724947
1.0,832.0,3.0,207.0,0.0,0.0,0.0,0.0,-158.3517342132647
1.0,972.0,1.0,49.0,0.0,0.0,0.0,0.0,-8.93414227795099
1.0,1027.0,0.0,0.0,1.0,65.0,0.0,0.0,4.904399748114358
1.0,1033.0,1.0,97.0,1.0,16.0,0.0,0.0,-62.32766548292346
1.0,925.0,2.0,177.0,1.0,90.0,0.0,0.0,-174.98293788542392
1.0,931.0,0.0,0.0,2.0,250.0,0.0,0.0,-87.59393797669684
1.0,1081.0,0.0,0.0,0.0,0.0,0.0,0.0,37.40521699628751
1.0,986.0,5.0,440.0,0.0,0.0,0.0,0.0,-378.7016420711434
1.0,1035.0,0.0,0.0,3.0,354.0,0.0,0.0,-139.59458835175752
1.0,701.0,1.0,56.0,1.0,85.0,0.0,0.0,-58.050561426458394
1.0,704.0,1.0,58.0,1.0,297.0,0.0,0.0,-165.94208196635608
1.0,635.0,1.0,25.0,1.0,56.0,0.0,0.0,-14.233425359266079
1.0,689.0,1.0,60.0,2.0,118.0,0.0,0.0,-78.33299015585797
1.0,697.0,1.0,26.0,0.0,0.0,0.0,0.0,12.820885649090297
1.0,697.0,0.0,0.0,1.0,90.0,0.0,0.0,-7.5912394356094595
1.0,809.0,2.0,235.0,1.0,109.0,0.0,0.0,-239.3318267783805
1.0,730.0,1.0,26.0,0.0,0.0,0.0,0.0,12.820277514063704
1.0,733.0,0.0,0.0,0.0,0.0,0.0,0.0,37.4084382285379
1.0,857.0,1.0,60.0,0.0,0.0,0.0,0.0,-19.335433457596636
1.0,790.0,1.0,25.0,1.0,28.0,0.0,0.0,-0.23439721841767636
1.0,883.0,2.0,228.0,1.0,366.0,0.0,0.0,-361.2136746782785
1.0,805.0,0.0,0.0,0.0,0.0,0.0,0.0,37.407642745027005
1.0,893.0,0.0,0.0,1.0,222.0,0.0,0.0,-73.59353266938646
1.0,902.0,2.0,97.0,1.0,58.0,0.0,0.0,-83.32658664431126
1.0,1010.0,2.0,125.0,0.0,0.0,0.0,0.0,-80.80657778624894
1.0,1029.0,0.0,0.0,1.0,368.0,0.0,0.0,-146.59497200195102
1.0,1053.0,1.0,41.0,1.0,153.0,0.0,0.0,-77.8685256785984
1.0,975.0,1.0,57.0,0.0,0.0,0.0,0.0,-16.49949356007074
1.0,1027.0,2.0,117.0,2.0,100.0,0.0,0.0,-123.24259309434345
1.0,659.0,1.0,58.0,0.0,0.0,0.0,0.0,-17.44152671986616
1.0,704.0,0.0,0.0,0.0,0.0,0.0,0.0,37.40692358678639
1.0,647.0,2.0,143.0,0.0,0.0,0.0,0.0,-97.82551274512691
1.0,714.0,1.0,21.0,1.0,229.0,0.0,0.0,-96.95048386981463
1.0,734.0,1.0,37.0,0.0,0.0,0.0,0.0,2.4179034282735756
1.0,779.0,0.0,0.0,2.0,163.0,0.0,0.0,-44.092570241704166
1.0,736.0,2.0,144.0,0.0,0.0,0.0,0.0,-98.77323970470593
1.0,808.0,2.0,91.0,1.0,176.0,0.0,0.0,-136.6507208433096
1.0,750.0,0.0,0.0,3.0,323.0,0.0,0.0,-124.09232682006822
1.0,824.0,1.0,97.0,0.0,0.0,0.0,0.0,-54.32532940773942
1.0,798.0,1.0,75.0,0.0,0.0,0.0,0.0,-33.51935168399009
1.0,809.0,0.0,0.0,0.0,0.0,0.0,0.0,37.40701267974796
1.0,871.0,3.0,151.0,1.0,180.0,0.0,0.0,-195.39355314315105
1.0,876.0,0.0,0.0,1.0,304.0,0.0,0.0,-114.5930464624793
1.0,941.0,1.0,90.0,0.0,0.0,0.0,0.0,-47.7077847806823
1.0,965.0,2.0,127.0,0.0,0.0,0.0,0.0,-82.69856543971892
1.0,933.0,1.0,75.0,2.0,130.0,0.0,0.0,-98.52270856630003
1.0,1009.0,0.0,0.0,0.0,0.0,0.0,0.0,37.40442627925025
1.0,1079.0,1.0,80.0,2.0,546.0,0.0,0.0,-311.2529590335688
1.0,1104.0,3.0,179.0,0.0,0.0,0.0,0.0,-131.87628231123148
1.0,643.0,0.0,0.0,0.0,0.0,0.0,0.0,37.40854447103572
1.0,648.0,0.0,0.0,0.0,0.0,0.0,0.0,37.409331283667804
1.0,656.0,2.0,88.0,1.0,154.0,0.0,0.0,-122.81246887162224
1.0,694.0,1.0,55.0,0.0,0.0,0.0,0.0,-14.605482992403068
1.0,861.0,0.0,0.0,2.0,147.0,0.0,0.0,-36.09308928445412
1.0,897.0,1.0,55.0,0.0,0.0,0.0,0.0,-14.607251633109755
1.0,914.0,1.0,54.0,1.0,174.0,0.0,0.0,-100.66219895037835
1.0,958.0,0.0,0.0,1.0,162.0,0.0,0.0,-43.595605845437916
1.0,965.0,0.0,0.0,2.0,116.0,0.0,0.0,-20.594107685658827
1.0,789.0,0.0,0.0,0.0,0.0,0.0,0.0,37.406495363471485
1.0,830.0,0.0,0.0,0.0,0.0,0.0,0.0,37.40611874373675
1.0,1044.0,1.0,34.0,0.0,0.0,0.0,0.0,5.247867804677021
1.0,872.0,2.0,333.0,2.0,220.0,0.0,0.0,-387.5114556614026
1.0,885.0,1.0,62.0,0.0,0.0,0.0,0.0,-21.227646478726292
1.0,897.0,1.0,195.0,2.0,202.0,0.0,0.0,-248.00723653301748
1.0,911.0,1.0,195.0,1.0,58.0,0.0,0.0,-176.00529432536928
1.0,934.0,2.0,355.0,2.0,367.0,0.0,0.0,-481.8166655370096
1.0,942.0,3.0,355.0,2.0,234.0,0.0,0.0,-415.3175633299002
1.0,963.0,3.0,427.0,1.0,7.0,0.0,0.0,-369.9080944035732
1.0,978.0,1.0,238.0,2.0,190.0,0.0,0.0,-282.6714243147272
1.0,677.0,0.0,0.0,2.0,379.0,0.0,0.0,-152.09282830085917
1.0,697.0,1.0,63.0,1.0,9.0,0.0,0.0,-26.669930669948663
1.0,746.0,1.0,48.0,0.0,0.0,0.0,0.0,-7.985044518346811
1.0,812.0,1.0,63.0,0.0,0.0,0.0,0.0,-22.17135670417953
1.0,837.0,0.0,0.0,1.0,121.0,0.0,0.0,-23.094189789569242
1.0,708.0,1.0,17.0,1.0,72.0,0.0,0.0,-14.667844027871276
1.0,744.0,0.0,0.0,0.0,0.0,0.0,0.0,37.40879158160908
1.0,931.0,0.0,0.0,0.0,0.0,0.0,0.0,37.40512307791198
1.0,946.0,1.0,48.0,0.0,0.0,0.0,0.0,-7.988739088543753
1.0,969.0,0.0,0.0,1.0,345.0,0.0,0.0,-135.09446067990856
1.0,1004.0,0.0,0.0,0.0,0.0,0.0,0.0,37.40429818389819
1.0,875.0,1.0,103.0,2.0,394.0,0.0,0.0,-257.00015833149234
1.0,879.0,1.0,17.0,1.0,15.0,0.0,0.0,13.829237508877721
1.0,899.0,0.0,0.0,0.0,0.0,0.0,0.0,37.40670045508092
1.0,913.0,0.0,0.0,1.0,120.0,0.0,0.0,-22.594172832109336
1.0,939.0,0.0,0.0,0.0,0.0,0.0,0.0,37.40481921693898
1.0,942.0,2.0,242.0,2.0,448.0,0.0,0.0,-415.45337509789664
1.0,1081.0,0.0,0.0,1.0,5.0,0.0,0.0,34.902458047355445
1.0,1010.0,1.0,139.0,3.0,216.0,0.0,0.0,-202.0479686882399
1.0,1029.0,0.0,0.0,0.0,0.0,0.0,0.0,37.404990852317866
1.0,679.0,1.0,68.0,0.0,0.0,0.0,0.0,-26.898711743902375
1.0,714.0,0.0,0.0,0.0,0.0,0.0,0.0,37.40846881695121
1.0,633.0,1.0,45.0,0.0,0.0,0.0,0.0,-5.148005242302993
1.0,733.0,0.0,0.0,0.0,0.0,0.0,0.0,37.40806925175513
1.0,684.0,1.0,45.0,0.0,0.0,0.0,0.0,-5.147524282643239
1.0,768.0,0.0,0.0,0.0,0.0,0.0,0.0,37.40760681213786
1.0,713.0,0.0,0.0,0.0,0.0,0.0,0.0,37.40668019732184
1.0,803.0,0.0,0.0,1.0,28.0,0.0,0.0,23.40607393529909
1.0,762.0,1.0,59.0,0.0,0.0,0.0,0.0,-18.38872752676481
1.0,848.0,2.0,111.0,0.0,0.0,0.0,0.0,-67.56441742978598
1.0,783.0,0.0,0.0,2.0,133.0,0.0,0.0,-29.09295589122282
1.0,936.0,3.0,102.0,0.0,0.0,0.0,0.0,-59.05620428223276
1.0,869.0,1.0,59.0,0.0,0.0,0.0,0.0,-18.38997175958029
1.0,977.0,1.0,1.0,0.0,0.0,0.0,0.0,36.46025246118676
1.0,911.0,1.0,194.0,1.0,485.0,0.0,0.0,-388.5601959172693
1.0,1002.0,1.0,58.0,0.0,0.0,0.0,0.0,-17.445488487219016
1.0,959.0,0.0,0.0,0.0,0.0,0.0,0.0,37.406013754439506
1.0,986.0,1.0,194.0,2.0,549.0,0.0,0.0,-420.5609718980827
1.0,1110.0,0.0,0.0,1.0,320.0,0.0,0.0,-122.59737222365615
1.0,1078.0,0.0,0.0,0.0,0.0,0.0,0.0,37.40473655980852
1.0,654.0,0.0,0.0,0.0,0.0,0.0,0.0,37.40932970326143
1.0,789.0,2.0,154.0,1.0,301.0,0.0,0.0,-258.73082004122114
1.0,804.0,1.0,63.0,1.0,136.0,0.0,0.0,-90.17264287758707
1.0,829.0,1.0,64.0,1.0,199.0,0.0,0.0,-122.61810493998472
1.0,853.0,2.0,138.0,1.0,267.0,0.0,0.0,-226.59969436007066
1.0,807.0,0.0,0.0,0.0,0.0,0.0,0.0,37.406280279863694
1.0,865.0,0.0,0.0,1.0,140.0,0.0,0.0,-32.593930493735314
1.0,878.0,0.0,0.0,2.0,422.0,0.0,0.0,-173.59408380560933
1.0,895.0,2.0,137.0,1.0,166.0,0.0,0.0,-175.154792515482
1.0,935.0,0.0,0.0,1.0,60.0,0.0,0.0,7.404414946835246
1.0,881.0,0.0,0.0,1.0,12.0,0.0,0.0,31.405106959414816
1.0,942.0,1.0,67.0,0.0,0.0,0.0,0.0,-25.955619122791134
1.0,912.0,0.0,0.0,1.0,196.0,0.0,0.0,-60.59557012859357
1.0,954.0,0.0,0.0,1.0,193.0,0.0,0.0,-59.09473514288847
1.0,1038.0,1.0,87.0,0.0,0.0,0.0,0.0,-44.87168197168622
1.0,1001.0,1.0,112.0,2.0,204.0,0.0,0.0,-170.5131185590205
1.0,1045.0,0.0,0.0,1.0,296.0,0.0,0.0,-110.59507094713462
1.0,1069.0,0.0,0.0,0.0,0.0,0.0,0.0,37.40411455991692
1.0,1086.0,2.0,175.0,0.0,0.0,0.0,0.0,-128.09322243662535
1.0,1130.0,1.0,63.0,1.0,4.0,0.0,0.0,-24.1763939698816
1.0,719.0,2.0,258.0,1.0,283.0,0.0,0.0,-348.0827496040493
1.0,765.0,0.0,0.0,1.0,162.0,0.0,0.0,-43.59184782948738
1.0,768.0,0.0,0.0,1.0,224.0,0.0,0.0,-74.59250392766887
1.0,637.0,1.0,48.0,0.0,0.0,0.0,0.0,-7.984361506770455
1.0,808.0,1.0,19.0,1.0,297.0,0.0,0.0,-129.06085805159955
1.0,815.0,0.0,0.0,1.0,174.0,0.0,0.0,-49.592637664872264
1.0,819.0,2.0,309.0,1.0,148.0,0.0,0.0,-328.81413662002626
1.0,688.0,0.0,0.0,1.0,241.0,0.0,0.0,-83.0909472215721
1.0,846.0,1.0,19.0,2.0,204.0,0.0,0.0,-82.56284275867561
1.0,738.0,1.0,48.0,0.0,0.0,0.0,0.0,-7.984819673913968
1.0,900.0,0.0,0.0,1.0,76.0,0.0,0.0,-0.5946447043337173
1.0,762.0,1.0,49.0,0.0,0.0,0.0,0.0,-8.931326677339321
1.0,762.0,1.0,62.0,0.0,0.0,0.0,0.0,-21.22571637094159
1.0,907.0,3.0,155.0,1.0,153.0,0.0,0.0,-185.6771614688774
1.0,835.0,0.0,0.0,2.0,516.0,0.0,0.0,-220.59356790346496
1.0,861.0,1.0,39.0,1.0,3.0,0.0,0.0,-0.9756682185151462
1.0,1108.0,1.0,84.0,1.0,101.0,0.0,0.0,-92.53505321967367
1.0,978.0,1.0,60.0,0.0,0.0,0.0,0.0,-19.336855099673627
1.0,992.0,1.0,60.0,0.0,0.0,0.0,0.0,-19.33719205798775
1.0,1021.0,3.0,150.0,0.0,0.0,0.0,0.0,-104.45013923265736
1.0,705.0,0.0,0.0,0.0,0.0,0.0,0.0,37.407936428478116
1.0,713.0,0.0,0.0,0.0,0.0,0.0,0.0,37.40886466733632
1.0,674.0,1.0,55.0,0.0,0.0,0.0,0.0,-14.604790535359108
1.0,695.0,1.0,62.0,0.0,0.0,0.0,0.0,-21.224987200177978
1.0,754.0,3.0,208.0,0.0,0.0,0.0,0.0,-159.296996503399
1.0,845.0,1.0,64.0,2.0,202.0,0.0,0.0,-124.1183740420474
1.0,786.0,0.0,0.0,1.0,27.0,0.0,0.0,23.906571462820246
1.0,798.0,0.0,0.0,0.0,0.0,0.0,0.0,37.40654816891131
1.0,876.0,2.0,146.0,1.0,263.0,0.0,0.0,-232.16662415962185
1.0,905.0,1.0,91.0,2.0,223.0,0.0,0.0,-160.15281747677898
1.0,915.0,0.0,0.0,1.0,316.0,0.0,0.0,-120.59473132822026
1.0,925.0,1.0,91.0,2.0,264.0,0.0,0.0,-180.6520227920038
1.0,955.0,1.0,50.0,0.0,0.0,0.0,0.0,-9.880796755359825
1.0,905.0,1.0,62.0,0.0,0.0,0.0,0.0,-21.226846840488328
1.0,986.0,2.0,160.0,2.0,194.0,0.0,0.0,-210.90797285332877
1.0,990.0,0.0,0.0,0.0,0.0,0.0,0.0,37.403794857474466
1.0,934.0,2.0,117.0,0.0,0.0,0.0,0.0,-73.2412394601873
1.0,932.0,2.0,107.0,0.0,0.0,0.0,0.0,-63.783977805688004
1.0,984.0,2.0,127.0,0.0,0.0,0.0,0.0,-82.6995443440857
1.0,1132.0,0.0,0.0,1.0,8.0,0.0,0.0,33.40231829612668
1.0,721.0,2.0,103.0,0.0,0.0,0.0,0.0,-59.99930024917271
1.0,753.0,0.0,0.0,0.0,0.0,0.0,0.0,37.40740830239443
1.0,776.0,2.0,114.0,0.0,0.0,0.0,0.0,-70.40167488441116
1.0,832.0,0.0,0.0,0.0,0.0,0.0,0.0,37.40670520279665
1.0,634.0,0.0,0.0,0.0,0.0,0.0,0.0,37.41031829346552
1.0,643.0,2.0,73.0,0.0,0.0,0.0,0.0,-31.626614224077848
1.0,921.0,2.0,104.0,0.0,0.0,0.0,0.0,-60.946889154188206
1.0,731.0,0.0,0.0,1.0,315.0,0.0,0.0,-120.0915592733284
1.0,981.0,1.0,62.0,0.0,0.0,0.0,0.0,-21.228531356312033
1.0,991.0,0.0,0.0,2.0,255.0,0.0,0.0,-90.09576456977891
1.0,1013.0,3.0,177.0,0.0,0.0,0.0,0.0,-129.984075680739
1.0,819.0,1.0,71.0,0.0,0.0,0.0,0.0,-29.73752112716079
1.0,854.0,1.0,64.0,2.0,176.0,0.0,0.0,-111.1186787685352
1.0,1099.0,0.0,0.0,3.0,582.0,0.0,0.0,-253.59559360195232
1.0,1101.0,0.0,0.0,0.0,0.0,0.0,0.0,37.404124537450684
1.0,950.0,0.0,0.0,1.0,209.0,0.0,0.0,-67.09493015772534
1.0,1037.0,1.0,2.0,1.0,302.0,0.0,0.0,-115.48907055636943
1.0,1046.0,0.0,0.0,0.0,0.0,0.0,0.0,37.404422485699925
1.0,1113.0,1.0,64.0,2.0,136.0,0.0,0.0,-91.12137746343765
1.0,1175.0,0.0,0.0,2.0,196.0,0.0,0.0,-60.597528253888186
1.0,812.0,1.0,58.0,1.0,362.0,0.0,0.0,-198.44325581654925
1.0,824.0,1.0,58.0,1.0,355.0,0.0,0.0,-194.9438921264249
1.0,844.0,0.0,0.0,3.0,650.0,0.0,0.0,-287.59449960940174
1.0,850.0,2.0,100.0,2.0,356.0,0.0,0.0,-235.16305072837915
1.0,919.0,1.0,75.0,1.0,335.0,0.0,0.0,-201.02156554599264
1.0,765.0,1.0,22.0,1.0,65.0,0.0,0.0,-15.896817039725377
1.0,768.0,0.0,0.0,1.0,398.0,0.0,0.0,-161.59210268751644
1.0,1051.0,1.0,253.0,2.0,671.0,0.0,0.0,-537.3591514598432
1.0,1060.0,1.0,56.0,2.0,564.0,0.0,0.0,-297.55451391164536
1.0,1067.0,2.0,309.0,2.0,614.0,0.0,0.0,-561.8164360693403
1.0,1077.0,1.0,25.0,1.0,186.0,0.0,0.0,-79.23847597993094
1.0,1104.0,0.0,0.0,2.0,581.0,0.0,0.0,-253.09731012932616
1.0,894.0,2.0,450.0,3.0,577.0,0.0,0.0,-676.6582975900508
1.0,996.0,2.0,85.0,2.0,608.0,0.0,0.0,-346.98026044847
1.0,1024.0,1.0,22.0,0.0,0.0,0.0,0.0,16.596449908324328
1.0,1034.0,0.0,0.0,1.0,185.0,0.0,0.0,-55.097936370727474
1.0,1060.0,1.0,42.0,2.0,476.0,0.0,0.0,-240.31544819861415
1.0,1061.0,1.0,407.0,2.0,558.0,0.0,0.0,-626.4950294436966
1.0,1075.0,0.0,0.0,0.0,0.0,0.0,0.0,37.40350484464628
1.0,1114.0,0.0,0.0,2.0,391.0,0.0,0.0,-158.09667608850032
1.0,691.0,0.0,0.0,0.0,0.0,0.0,0.0,37.40913625258297
1.0,709.0,1.0,64.0,0.0,0.0,0.0,0.0,-23.11758393891631
1.0,747.0,1.0,64.0,1.0,238.0,0.0,0.0,-142.11673920488457
1.0,783.0,0.0,0.0,0.0,0.0,0.0,0.0,37.40723314589021
1.0,782.0,0.0,0.0,0.0,0.0,0.0,0.0,37.407013220270606
1.0,934.0,2.0,556.0,0.0,0.0,0.0,0.0,-488.40327922895125
1.0,949.0,3.0,112.0,0.0,0.0,0.0,0.0,-68.5137531040889
1.0,683.0,0.0,0.0,0.0,0.0,0.0,0.0,37.40850437927324
1.0,976.0,1.0,64.0,2.0,195.0,0.0,0.0,-120.62043560204378
1.0,748.0,0.0,0.0,0.0,0.0,0.0,0.0,37.40784905745605
1.0,1063.0,2.0,98.0,0.0,0.0,0.0,0.0,-55.274268400443866
1.0,1069.0,2.0,600.0,0.0,0.0,0.0,0.0,-530.0163433179463
1.0,807.0,1.0,104.0,1.0,273.0,0.0,0.0,-197.4455606102206
1.0,841.0,0.0,0.0,2.0,461.0,0.0,0.0,-193.09431286085686
1.0,924.0,0.0,0.0,2.0,129.0,0.0,0.0,-27.09405514418252
1.0,962.0,0.0,0.0,0.0,0.0,0.0,0.0,37.40569883195443
1.0,1008.0,0.0,0.0,1.0,15.0,0.0,0.0,29.9039166478054
1.0,1045.0,1.0,120.0,3.0,461.0,0.0,0.0,-306.5798495745932
1.0,1073.0,0.0,0.0,0.0,0.0,0.0,0.0,37.40337365623771
1.0,1106.0,2.0,224.0,3.0,351.0,0.0,0.0,-349.93429093285226
1.0,770.0,0.0,0.0,0.0,0.0,0.0,0.0,37.40833029934664
1.0,771.0,2.0,386.0,0.0,0.0,0.0,0.0,-327.63217267343396
1.0,772.0,4.0,203.0,1.0,107.0,0.0,0.0,-208.06912152712744
1.0,825.0,0.0,0.0,2.0,223.0,0.0,0.0,-74.09204097514314
1.0,846.0,1.0,61.0,1.0,101.0,0.0,0.0,-70.78045153406597
1.0,918.0,2.0,322.0,0.0,0.0,0.0,0.0,-267.1097960318223
1.0,962.0,0.0,0.0,1.0,241.0,0.0,0.0,-83.09497146589563
1.0,966.0,1.0,227.0,1.0,409.0,0.0,0.0,-381.76823713724605
1.0,977.0,2.0,259.0,2.0,323.0,0.0,0.0,-369.0291873337393
1.0,685.0,0.0,0.0,2.0,115.0,0.0,0.0,-20.09130387729158
1.0,692.0,1.0,11.0,2.0,209.0,0.0,0.0,-77.49487337560458
1.0,697.0,0.0,0.0,1.0,110.0,0.0,0.0,-17.591665647247353
1.0,698.0,2.0,95.0,0.0,0.0,0.0,0.0,-52.43318830938625
1.0,1103.0,0.0,0.0,1.0,153.0,0.0,0.0,-39.09684359851587
1.0,832.0,2.0,157.0,2.0,23.0,0.0,0.0,-122.56984603375632
1.0,882.0,1.0,57.0,0.0,0.0,0.0,0.0,-16.49873662439012
1.0,965.0,2.0,73.0,1.0,264.0,0.0,0.0,-163.6307782694375
1.0,965.0,0.0,0.0,1.0,472.0,0.0,0.0,-198.5947652563899
1.0,973.0,2.0,184.0,1.0,38.0,0.0,0.0,-155.60399927692953
1.0,1057.0,2.0,119.0,1.0,229.0,0.0,0.0,-189.63343424147948
1.0,657.0,3.0,195.0,0.0,0.0,0.0,0.0,-147.00150909220895
1.0,670.0,2.0,198.0,0.0,0.0,0.0,0.0,-149.83942442083992
1.0,701.0,0.0,0.0,0.0,0.0,0.0,0.0,37.406952756128014
1.0,708.0,1.0,41.0,0.0,0.0,0.0,0.0,-1.3657508399394303
1.0,853.0,0.0,0.0,1.0,104.0,0.0,0.0,-14.59363306738436
1.0,889.0,0.0,0.0,0.0,0.0,0.0,0.0,37.40632630423373
1.0,887.0,0.0,0.0,0.0,0.0,0.0,0.0,37.40509137794137
1.0,901.0,0.0,0.0,1.0,121.0,0.0,0.0,-23.095043896319467
1.0,627.0,2.0,112.0,1.0,44.0,0.0,0.0,-90.50953586777658
1.0,970.0,2.0,212.0,0.0,0.0,0.0,0.0,-163.08276952875678
1.0,730.0,0.0,0.0,2.0,80.0,0.0,0.0,-2.5914358174139878
1.0,1030.0,0.0,0.0,3.0,343.0,0.0,0.0,-134.09590729396837
1.0,789.0,1.0,55.0,0.0,0.0,0.0,0.0,-14.605929547257091
1.0,844.0,1.0,44.0,1.0,24.0,0.0,0.0,-16.205019153929612
1.0,858.0,1.0,44.0,2.0,84.0,0.0,0.0,-46.20486098395667
1.0,888.0,1.0,57.0,1.0,50.0,0.0,0.0,-41.499910877436875
1.0,929.0,0.0,0.0,3.0,427.0,0.0,0.0,-176.09516610226214
1.0,966.0,0.0,0.0,1.0,319.0,0.0,0.0,-122.0941590202172
1.0,1154.0,1.0,47.0,3.0,317.0,0.0,0.0,-165.54650284008753
1.0,1172.0,1.0,47.0,1.0,356.0,0.0,0.0,-185.04498207445903
1.0,760.0,2.0,114.0,0.0,0.0,0.0,0.0,-70.40173290987575
1.0,758.0,0.0,0.0,1.0,127.0,0.0,0.0,-26.091535129182155
1.0,759.0,3.0,150.0,0.0,0.0,0.0,0.0,-104.44733188321322
1.0,787.0,1.0,13.0,3.0,161.0,0.0,0.0,-55.38616479366466
1.0,835.0,2.0,113.0,0.0,0.0,0.0,0.0,-69.45660582943619
1.0,857.0,2.0,133.0,0.0,0.0,0.0,0.0,-88.37190633031969
1.0,898.0,1.0,59.0,0.0,0.0,0.0,0.0,-18.39053087160189
1.0,902.0,1.0,50.0,0.0,0.0,0.0,0.0,-9.88006388059297
1.0,1058.0,1.0,59.0,1.0,75.0,0.0,0.0,-55.892038392722355
1.0,662.0,1.0,56.0,2.0,311.0,0.0,0.0,-171.05089353104452
1.0,1087.0,1.0,55.0,0.0,0.0,0.0,0.0,-14.60952512496835
1.0,668.0,1.0,51.0,0.0,0.0,0.0,0.0,-10.821503453051953
1.0,704.0,1.0,51.0,0.0,0.0,0.0,0.0,-10.822660247938053
1.0,802.0,3.0,148.0,0.0,0.0,0.0,0.0,-102.55633578019464
1.0,882.0,1.0,56.0,3.0,351.0,0.0,0.0,-191.05155819090044
1.0,941.0,0.0,0.0,2.0,242.0,0.0,0.0,-83.59479623521264
1.0,986.0,0.0,0.0,1.0,197.0,0.0,0.0,-61.094419575519275
1.0,1120.0,0.0,0.0,0.0,0.0,0.0,0.0,37.40266790228494
1.0,1120.0,0.0,0.0,0.0,0.0,0.0,0.0,37.402987228402594
1.0,1131.0,1.0,46.0,0.0,0.0,0.0,0.0,-6.0971895549992965
1.0,636.0,0.0,0.0,1.0,139.0,0.0,0.0,-32.09042244289526
1.0,685.0,2.0,225.0,0.0,0.0,0.0,0.0,-175.37403962572748
1.0,691.0,1.0,56.0,0.0,0.0,0.0,0.0,-15.550344010139831
1.0,739.0,2.0,99.0,0.0,0.0,0.0,0.0,-56.215687666152334
1.0,800.0,1.0,62.0,0.0,0.0,0.0,0.0,-21.22640462962962
1.0,898.0,0.0,0.0,0.0,0.0,0.0,0.0,37.40627701047676
1.0,931.0,1.0,167.0,0.0,0.0,0.0,0.0,-120.5265490055877
1.0,962.0,3.0,151.0,0.0,0.0,0.0,0.0,-105.39587042249903
1.0,1026.0,0.0,0.0,2.0,152.0,0.0,0.0,-38.59558680324988
1.0,1109.0,0.0,0.0,2.0,567.0,0.0,0.0,-246.094987058659
1.0,650.0,2.0,116.0,0.0,0.0,0.0,0.0,-72.29098430176671
1.0,704.0,1.0,42.0,0.0,0.0,0.0,0.0,-2.3105085464080233
1.0,715.0,0.0,0.0,0.0,0.0,0.0,0.0,37.408826885383235
1.0,714.0,2.0,73.0,0.0,0.0,0.0,0.0,-31.627201131632688
1.0,718.0,4.0,232.0,0.0,0.0,0.0,0.0,-181.9949622657884
1.0,802.0,0.0,0.0,0.0,0.0,0.0,0.0,37.40723217466278
1.0,815.0,0.0,0.0,1.0,95.0,0.0,0.0,-10.091464193028578
1.0,848.0,1.0,46.0,0.0,0.0,0.0,0.0,-6.095119662636954
1.0,1024.0,2.0,151.0,0.0,0.0,0.0,0.0,-105.39692796953321
1.0,1107.0,0.0,0.0,1.0,31.0,0.0,0.0,21.90266780475457
1.0,749.0,1.0,51.0,1.0,142.0,0.0,0.0,-81.82186351412317
1.0,796.0,0.0,0.0,1.0,111.0,0.0,0.0,-18.09307846235042
1.0,930.0,1.0,54.0,0.0,0.0,0.0,0.0,-13.661692010726064
1.0,938.0,0.0,0.0,4.0,495.0,0.0,0.0,-210.0942812368403
1.0,943.0,1.0,54.0,0.0,0.0,0.0,0.0,-13.66394691545316
1.0,959.0,1.0,48.0,2.0,154.0,0.0,0.0,-84.98879835582558
1.0,993.0,0.0,0.0,3.0,314.0,0.0,0.0,-119.5972052818617
1.0,1076.0,1.0,54.0,1.0,154.0,0.0,0.0,-90.66339403960797
1.0,1106.0,2.0,105.0,1.0,302.0,0.0,0.0,-212.89433897623252
1.0,678.0,2.0,200.0,0.0,0.0,0.0,0.0,-151.73109917977501
1.0,695.0,3.0,206.0,0.0,0.0,0.0,0.0,-157.4056549841523
1.0,1215.0,1.0,48.0,2.0,183.0,0.0,0.0,-99.49163311254367
1.0,786.0,1.0,65.0,1.0,282.0,0.0,0.0,-165.06344546274576
1.0,788.0,2.0,162.0,1.0,234.0,0.0,0.0,-232.79540211555894
1.0,838.0,0.0,0.0,0.0,0.0,0.0,0.0,37.406980364384644
1.0,915.0,1.0,56.0,1.0,174.0,0.0,0.0,-102.5541504826061
1.0,1045.0,2.0,146.0,1.0,305.0,0.0,0.0,-253.16769821480597
1.0,1047.0,1.0,64.0,0.0,0.0,0.0,0.0,-23.121731295906713
1.0,1088.0,1.0,131.0,1.0,311.0,0.0,0.0,-241.9831165644824
1.0,1092.0,1.0,64.0,0.0,0.0,0.0,0.0,-23.121660108995563
1.0,624.0,0.0,0.0,0.0,0.0,0.0,0.0,37.409029233109194
1.0,641.0,0.0,0.0,1.0,26.0,0.0,0.0,24.407738071412368
1.0,707.0,1.0,50.0,0.0,0.0,0.0,0.0,-9.876644806027926
1.0,722.0,1.0,50.0,0.0,0.0,0.0,0.0,-9.876518107067788
1.0,760.0,0.0,0.0,1.0,194.0,0.0,0.0,-59.591954291593765
1.0,818.0,1.0,31.0,0.0,0.0,0.0,0.0,8.089908302479614
1.0,938.0,0.0,0.0,2.0,479.0,0.0,0.0,-202.0943160223446
1.0,1005.0,1.0,5.0,3.0,598.0,0.0,0.0,-266.3244521553714
1.0,687.0,0.0,0.0,0.0,0.0,0.0,0.0,37.40783560535074
1.0,699.0,2.0,209.0,0.0,0.0,0.0,0.0,-160.24254295491266
1.0,700.0,0.0,0.0,0.0,0.0,0.0,0.0,37.408780455151835
1.0,1046.0,1.0,5.0,1.0,316.0,0.0,0.0,-125.32610655244737
1.0,1081.0,1.0,31.0,0.0,0.0,0.0,0.0,8.086912416265768
1.0,749.0,1.0,125.0,0.0,0.0,0.0,0.0,-80.80479965054408
1.0,777.0,1.0,61.0,0.0,0.0,0.0,0.0,-20.280224021200596
1.0,889.0,1.0,61.0,0.0,0.0,0.0,0.0,-20.282417267429423
1.0,1013.0,0.0,0.0,2.0,255.0,0.0,0.0,-90.09642410425923
1.0,1125.0,0.0,0.0,0.0,0.0,0.0,0.0,37.402903689438695
1.0,1141.0,0.0,0.0,2.0,427.0,0.0,0.0,-176.09750304096517
1.0,1155.0,1.0,84.0,0.0,0.0,0.0,0.0,-42.03651757758729
1.0,647.0,2.0,102.0,1.0,3.0,0.0,0.0,-60.5526605052454
1.0,696.0,0.0,0.0,1.0,1.0,0.0,0.0,36.9088370291266
1.0,788.0,1.0,45.0,0.0,0.0,0.0,0.0,-5.149706280855348
1.0,823.0,1.0,57.0,0.0,0.0,0.0,0.0,-16.498682373200197
1.0,841.0,0.0,0.0,1.0,32.0,0.0,0.0,21.405997798980856
1.0,948.0,0.0,0.0,1.0,324.0,0.0,0.0,-124.59513661041622
1.0,962.0,0.0,0.0,1.0,559.0,0.0,0.0,-242.09493890860605
1.0,1053.0,0.0,0.0,1.0,549.0,0.0,0.0,-237.09580816688992
1.0,1071.0,0.0,0.0,1.0,18.0,0.0,0.0,28.403608179128288
1.0,660.0,2.0,104.0,0.0,0.0,0.0,0.0,-60.94364616426323
1.0,672.0,0.0,0.0,1.0,220.0,0.0,0.0,-72.59183946244028
1.0,755.0,1.0,69.0,2.0,308.0,0.0,0.0,-181.84527292268618
1.0,1185.0,0.0,0.0,0.0,0.0,0.0,0.0,37.40212982922688
1.0,780.0,0.0,0.0,0.0,0.0,0.0,0.0,37.4067187311778
1.0,792.0,1.0,64.0,0.0,0.0,0.0,0.0,-23.118499864262688
1.0,865.0,0.0,0.0,1.0,99.0,0.0,0.0,-12.093779479960617
1.0,893.0,2.0,124.0,0.0,0.0,0.0,0.0,-79.86047547558168
1.0,938.0,2.0,73.0,0.0,0.0,0.0,0.0,-31.63049342222112
1.0,1026.0,1.0,91.0,1.0,4.0,0.0,0.0,-50.65491449997714
1.0,1204.0,1.0,69.0,2.0,470.0,0.0,0.0,-262.851997158455
1.0,718.0,1.0,61.0,1.0,158.0,0.0,0.0,-99.27878318872393
1.0,723.0,1.0,170.0,1.0,273.0,0.0,0.0,-259.8606634618993
1.0,885.0,2.0,201.0,1.0,200.0,0.0,0.0,-252.6791219226133
1.0,916.0,1.0,140.0,0.0,0.0,0.0,0.0,-94.99138905295268
1.0,929.0,1.0,170.0,1.0,261.0,0.0,0.0,-253.86265360270838
1.0,1020.0,0.0,0.0,0.0,0.0,0.0,0.0,37.40369530773316
1.0,1083.0,1.0,72.0,2.0,376.0,0.0,0.0,-218.6893661682315
1.0,1086.0,1.0,72.0,1.0,300.0,0.0,0.0,-180.68774910356277
1.0,1100.0,3.0,251.0,1.0,166.0,0.0,0.0,-282.96704102266256
1.0,666.0,0.0,0.0,1.0,215.0,0.0,0.0,-70.09144731767815
1.0,702.0,1.0,62.0,0.0,0.0,0.0,0.0,-21.224899340605873
1.0,1166.0,1.0,107.0,0.0,0.0,0.0,0.0,-63.788245456483885
1.0,777.0,0.0,0.0,0.0,0.0,0.0,0.0,37.40575615708916
1.0,803.0,2.0,128.0,0.0,0.0,0.0,0.0,-83.64300030842713
1.0,808.0,2.0,124.0,0.0,0.0,0.0,0.0,-79.85878798949302
1.0,814.0,0.0,0.0,2.0,389.0,0.0,0.0,-157.09383518565576
1.0,829.0,1.0,58.0,0.0,0.0,0.0,0.0,-17.445203151672267
1.0,864.0,0.0,0.0,2.0,346.0,0.0,0.0,-135.59358324124804
1.0,931.0,0.0,0.0,2.0,293.0,0.0,0.0,-109.09372402015612
1.0,1041.0,0.0,0.0,3.0,297.0,0.0,0.0,-111.0958219066403
1.0,679.0,0.0,0.0,0.0,0.0,0.0,0.0,37.408118222541624
1.0,745.0,1.0,57.0,1.0,15.0,0.0,0.0,-23.998044521770943
1.0,830.0,1.0,10.0,1.0,366.0,0.0,0.0,-155.04973226997998
1.0,840.0,2.0,157.0,2.0,87.0,0.0,0.0,-154.56940368066017
1.0,877.0,3.0,138.0,0.0,0.0,0.0,0.0,-93.09983362386549
1.0,886.0,2.0,66.0,2.0,79.0,0.0,0.0,-64.51220795093869
1.0,914.0,2.0,85.0,0.0,0.0,0.0,0.0,-42.978553830460484
1.0,939.0,1.0,101.0,1.0,62.0,0.0,0.0,-89.1103542264322
1.0,950.0,2.0,105.0,0.0,0.0,0.0,0.0,-61.89358236185147
1.0,670.0,2.0,113.0,2.0,72.0,0.0,0.0,-105.45467739325778
1.0,678.0,0.0,0.0,0.0,0.0,0.0,0.0,37.40939081887591
1.0,776.0,1.0,84.0,2.0,392.0,0.0,0.0,-238.03206539142312
1.0,809.0,0.0,0.0,1.0,34.0,0.0,0.0,20.404900924865597
1.0,1129.0,2.0,109.0,0.0,0.0,0.0,0.0,-65.67965093448802
1.0,845.0,1.0,24.0,1.0,60.0,0.0,0.0,-15.290171874397494
1.0,878.0,3.0,302.0,0.0,0.0,0.0,0.0,-248.19524948043247
1.0,922.0,0.0,0.0,2.0,471.0,0.0,0.0,-198.09567268241926
1.0,929.0,0.0,0.0,1.0,123.0,0.0,0.0,-24.097560975663228
1.0,1035.0,3.0,231.0,1.0,130.0,0.0,0.0,-246.05142360461122
1.0,1054.0,2.0,124.0,1.0,146.0,0.0,0.0,-152.86545946096516
1.0,732.0,0.0,0.0,1.0,84.0,0.0,0.0,-4.591011167060927
1.0,738.0,0.0,0.0,3.0,241.0,0.0,0.0,-83.09119371981916
1.0,784.0,0.0,0.0,1.0,288.0,0.0,0.0,-106.59409073184246
1.0,811.0,0.0,0.0,0.0,0.0,0.0,0.0,37.406562100007
1.0,822.0,0.0,0.0,1.0,381.0,0.0,0.0,-153.09339262378055
1.0,828.0,1.0,151.0,2.0,205.0,0.0,0.0,-207.8962480123752
1.0,855.0,0.0,0.0,1.0,29.0,0.0,0.0,22.905215570732842
1.0,963.0,0.0,0.0,3.0,310.0,0.0,0.0,-117.59481810579018
1.0,999.0,1.0,151.0,1.0,356.0,0.0,0.0,-283.39750176960496
1.0,808.0,0.0,0.0,1.0,160.0,0.0,0.0,-42.59415806713507
1.0,1052.0,0.0,0.0,1.0,340.0,0.0,0.0,-132.59827904751896
1.0,828.0,1.0,15.0,2.0,212.0,0.0,0.0,-82.77848398499253
1.0,842.0,0.0,0.0,1.0,457.0,0.0,0.0,-191.09517359171898
1.0,885.0,1.0,60.0,0.0,0.0,0.0,0.0,-19.33814110595354
1.0,899.0,1.0,15.0,2.0,414.0,0.0,0.0,-183.7796238872028
1.0,916.0,0.0,0.0,1.0,158.0,0.0,0.0,-41.5955809560355
1.0,955.0,1.0,60.0,0.0,0.0,0.0,0.0,-19.337847347176847
1.0,1070.0,0.0,0.0,2.0,582.0,0.0,0.0,-253.59554907761444
1.0,1156.0,0.0,0.0,2.0,624.0,0.0,0.0,-274.5997434845593
1.0,1165.0,0.0,0.0,1.0,45.0,0.0,0.0,14.90365529041732
1.0,718.0,1.0,52.0,0.0,0.0,0.0,0.0,-11.768184826297087
1.0,733.0,2.0,95.0,0.0,0.0,0.0,0.0,-52.43275629310936
1.0,844.0,2.0,125.0,0.0,0.0,0.0,0.0,-80.80599287276831
1.0,906.0,0.0,0.0,0.0,0.0,0.0,0.0,37.40585584537218
1.0,912.0,1.0,63.0,0.0,0.0,0.0,0.0,-22.173624676366153
1.0,943.0,1.0,227.0,0.0,0.0,0.0,0.0,-177.26771033940926
1.0,977.0,0.0,0.0,1.0,356.0,0.0,0.0,-140.59519021810735
1.0,987.0,3.0,165.0,0.0,0.0,0.0,0.0,-118.63548908820454
1.0,654.0,0.0,0.0,0.0,0.0,0.0,0.0,37.40888066620338
1.0,669.0,2.0,124.0,1.0,125.0,0.0,0.0,-142.35851984607075
1.0,1030.0,4.0,408.0,0.0,0.0,0.0,0.0,-348.4417118531495
1.0,1047.0,2.0,139.0,0.0,0.0,0.0,0.0,-94.0485950503639
1.0,703.0,2.0,134.0,1.0,139.0,0.0,0.0,-158.81726347497533
1.0,750.0,3.0,87.0,1.0,20.0,0.0,0.0,-54.86727423775207
1.0,760.0,3.0,124.0,0.0,0.0,0.0,0.0,-79.85936937373086
1.0,881.0,2.0,97.0,1.0,78.0,0.0,0.0,-93.32631511241533
1.0,921.0,0.0,0.0,0.0,0.0,0.0,0.0,37.406210303182476
1.0,1020.0,2.0,139.0,1.0,36.0,0.0,0.0,-112.04656472552892
1.0,1025.0,1.0,17.0,0.0,0.0,0.0,0.0,21.326494502595835
1.0,1233.0,1.0,92.0,2.0,382.0,0.0,0.0,-240.60251323282225
1.0,714.0,3.0,190.0,0.0,0.0,0.0,0.0,-142.27581778761788
1.0,717.0,2.0,189.0,0.0,0.0,0.0,0.0,-141.3289470465825
1.0,721.0,1.0,60.0,0.0,0.0,0.0,0.0,-19.33319179525528
1.0,726.0,4.0,298.0,0.0,0.0,0.0,0.0,-244.40979170986708
1.0,798.0,4.0,359.0,0.0,0.0,0.0,0.0,-302.0979422309575
1.0,809.0,2.0,116.0,0.0,0.0,0.0,0.0,-72.2936559600357
1.0,830.0,1.0,12.0,0.0,0.0,0.0,0.0,26.056793628155084
1.0,863.0,2.0,229.0,0.0,0.0,0.0,0.0,-179.1585341531386
1.0,872.0,2.0,136.0,0.0,0.0,0.0,0.0,-91.20834854338145
1.0,1000.0,3.0,201.0,0.0,0.0,0.0,0.0,-152.68195382494162
1.0,651.0,0.0,0.0,0.0,0.0,0.0,0.0,37.409381102231755
1.0,666.0,0.0,0.0,1.0,358.0,0.0,0.0,-141.59280366687935
1.0,700.0,0.0,0.0,0.0,0.0,0.0,0.0,37.40752068017058
1.0,830.0,0.0,0.0,1.0,417.0,0.0,0.0,-171.09448167394694
1.0,936.0,0.0,0.0,0.0,0.0,0.0,0.0,37.40544403583728
1.0,945.0,0.0,0.0,1.0,326.0,0.0,0.0,-125.5964863233465
1.0,1010.0,0.0,0.0,2.0,486.0,0.0,0.0,-205.59627981363138
1.0,1006.0,0.0,0.0,1.0,362.0,0.0,0.0,-143.59613603485596
1.0,1040.0,0.0,0.0,2.0,455.0,0.0,0.0,-190.0964484177146
1.0,1087.0,0.0,0.0,3.0,496.0,0.0,0.0,-210.59718285915224
1.0,685.0,3.0,250.0,0.0,0.0,0.0,0.0,-199.01523804505737
1.0,727.0,1.0,70.0,0.0,0.0,0.0,0.0,-28.790043552010978
1.0,781.0,0.0,0.0,0.0,0.0,0.0,0.0,37.407436824514
1.0,833.0,0.0,0.0,0.0,0.0,0.0,0.0,37.40638437311505
1.0,832.0,1.0,51.0,0.0,0.0,0.0,0.0,-10.824976794156662
1.0,857.0,0.0,0.0,0.0,0.0,0.0,0.0,37.405767376251816
1.0,871.0,2.0,134.0,0.0,0.0,0.0,0.0,-89.31795118413764
1.0,897.0,1.0,110.0,0.0,0.0,0.0,0.0,-66.62163421658232
1.0,903.0,1.0,64.0,0.0,0.0,0.0,0.0,-23.11992864441944
1.0,1155.0,1.0,51.0,0.0,0.0,0.0,0.0,-10.82867693483768
1.0,660.0,2.0,107.0,0.0,0.0,0.0,0.0,-63.78049832796332
1.0,769.0,1.0,58.0,0.0,0.0,0.0,0.0,-17.44343275498379
1.0,816.0,0.0,0.0,0.0,0.0,0.0,0.0,37.40637980137889
1.0,837.0,0.0,0.0,0.0,0.0,0.0,0.0,37.40793141958939
1.0,841.0,0.0,0.0,0.0,0.0,0.0,0.0,37.40626532608506
1.0,870.0,1.0,58.0,0.0,0.0,0.0,0.0,-17.444940364868124
1.0,974.0,0.0,0.0,0.0,0.0,0.0,0.0,37.40529288363798
1.0,978.0,2.0,112.0,0.0,0.0,0.0,0.0,-68.5128068223925
1.0,1030.0,0.0,0.0,0.0,0.0,0.0,0.0,37.40446185127885
1.0,1111.0,2.0,139.0,0.0,0.0,0.0,0.0,-94.04874273832925
1.0,734.0,0.0,0.0,1.0,350.0,0.0,0.0,-137.59107899658284
